1,PG-13,12,Wednesday,25,141,1,1
2,PG-13,2,Friday,20,111,1,0
3,PG,4,Friday,28,99,1,1
4,PG-13,6,Friday,14,119,1,1
5,R,1,Friday,20,88,2,1
6,PG,9,Friday,17,106,1,0
7,PG-13,12,Wednesday,22,110,2,1
8,PG,11,Wednesday,27,95,2,0
9,R,1,Friday,25,88,1,1
10,R,3,Friday,15,100,1,1
11,R,3,Friday,14,108,1,0
12,R,6,Friday,3,105,1,1
13,PG-13,5,Friday,16,123,1,1
14,R,3,Wednesday,15,105,1,0
15,R,10,Friday,19,113,1,1
16,R,12,Tuesday,25,122,1,1
17,PG,2,Friday,20,89,1,1
18,PG,7,Wednesday,3,98,2,1
19,R,6,Friday,9,104,1,1
20,PG-13,2,Friday,6,106,1,1
21,PG-13,11,Friday,2,89,1,0
22,R,10,Friday,24,101,2,1
23,R,1,Friday,26,92,1,1
24,PG-13,11,Friday,17,103,1,1
25,PG-13,11,Friday,14,138,1,1
26,R,2,Friday,5,92,1,1
27,R,3,Friday,11,113,1,1
28,R,3,Friday,12,115,1,0
29,R,5,Friday,25,102,1,1
30,PG-13,11,Friday,12,97,2,1
31,PG-13,9,Friday,27,96,1,1
32,PG,2,Friday,11,80,1,0
33,R,3,Friday,7,101,1,0
34,R,5,Wednesday,23,124,1,0
35,PG-13,3,Friday,12,103,1,1
36,NOT RATED,4,Friday,28,86,1,0
37,G,2,Friday,22,85,2,1
38,PG-13,9,Friday,17,98,1,1
39,PG,8,Friday,27,96,1,1
40,PG-13,8,Friday,9,124,1,1
41,PG,6,Friday,17,94,1,1
42,PG-13,4,Friday,30,97,1,1
43,PG-13,4,Friday,8,111,1,1
44,R,4,Friday,12,88,1,1
45,PG,9,Friday,28,110,1,1
46,PG-13,1,Friday,17,99,1,1
47,PG,8,Friday,4,90,1,1
48,PG-13,9,Friday,20,110,1,0
49,NOT RATED,9,Friday,11,123,1,0
50,PG,10,Friday,14,100,1,0
51,PG,2,Friday,8,88,1,1
52,PG-13,8,Friday,10,104,1,1
53,PG-13,6,Friday,20,110,1,1
54,R,12,Friday,6,90,1,1
55,R,9,Friday,30,88,1,0
56,R,1,Friday,23,107,1,0
57,PG-13,5,Friday,31,100,1,1
58,R,11,Friday,4,125,1,1
59,R,12,Friday,5,154,1,1
60,R,12,Friday,17,116,1,1
61,PG-13,9,Friday,26,104,1,0
62,PG-13,12,Monday,25,130,1,1
63,PG-13,12,Friday,19,123,1,1
64,PG-13,1,Friday,17,101,1,0
65,R,2,Friday,26,107,1,1
66,PG,8,Friday,2,95,1,1
67,R,6,Friday,21,90,1,1
68,R,1,Friday,23,92,1,1
69,PG,1,Friday,22,101,1,1
70,R,9,Friday,19,103,1,1
71,R,9,Friday,13,93,1,1
72,R,7,Friday,13,93,1,0
73,PG-13,10,Friday,20,123,1,1
74,PG-13,10,Friday,24,89,1,1
75,R,3,Friday,21,134,1,1
76,R,3,Friday,17,98,1,1
77,R,11,Thursday,10,99,1,1
78,PG-13,8,Wednesday,18,82,2,1
79,PG,11,Wednesday,23,103,1,1
80,R,12,Tuesday,25,157,1,0
81,PG-13,5,Friday,7,124,1,1
82,R,8,Friday,24,101,1,0
83,PG-13,5,Wednesday,1,114,1,0
84,PG,11,Friday,1,91,1,1
85,PG-13,6,Wednesday,24,150,1,1
86,R,4,Friday,13,84,1,0
87,R,4,Friday,11,110,1,1
88,R,5,Friday,6,108,1,1
89,R,5,Wednesday,27,88,1,0
90,R,10,Friday,28,93,1,1
91,R,8,Friday,2,101,1,1
92,PG-13,10,Friday,17,100,1,1
93,R,2,Friday,3,114,1,1
94,PG-13,2,Friday,23,93,1,0
95,PG,3,Friday,13,105,1,1
96,PG,1,Friday,12,94,1,1
97,R,2,Friday,13,129,1,1
98,R,3,Friday,23,101,1,0
99,PG-13,10,Friday,15,111,1,1
100,PG,12,Wednesday,20,102,1,1
101,PG,9,Friday,24,97,1,1
102,R,7,Friday,21,97,1,1
103,PG-13,5,Friday,12,118,1,0
104,R,5,Friday,24,118,1,1
105,R,1,Friday,13,109,1,1
106,R,6,Friday,20,122,1,0
107,R,9,Friday,22,122,1,0
108,R,8,Friday,4,112,1,1
109,PG,11,Friday,19,87,2,1
110,PG-13,1,Friday,4,135,1,1
111,R,10,Friday,13,110,1,0
112,PG-13,9,Friday,17,104,1,0
113,NOT RATED,8,Friday,30,96,1,1
114,R,5,Thursday,1,95,1,0
115,R,2,Friday,21,88,1,1
116,R,3,Friday,27,100,1,1
117,PG-13,12,Thursday,25,166,1,1
118,PG-13,10,Friday,12,113,1,1
119,PG,8,Friday,4,92,1,1
120,NOT RATED,3,Friday,11,71,1,0
121,PG-13,1,Friday,13,112,1,0
122,PG-13,2,Friday,3,87,1,1
123,PG-13,4,Friday,5,85,1,0
124,PG-13,1,Friday,16,154,1,0
125,R,6,Friday,28,100,1,0
126,R,7,Tuesday,15,89,1,0
127,PG,11,Friday,17,104,1,1
128,PG-13,12,Friday,14,169,1,1
129,R,1,Friday,5,147,1,1
130,PG-13,11,Friday,4,104,1,1
131,G,5,Friday,30,100,2,1
132,R,7,Friday,30,88,1,1
133,R,7,Friday,7,94,1,0
134,R,12,Friday,11,122,1,0
135,PG-13,3,Friday,26,102,1,1
136,PG-13,12,Wednesday,14,187,1,1
137,R,10,Friday,19,131,1,0
138,R,10,Friday,31,117,1,1
139,PG-13,1,Friday,28,91,1,1
140,G,2,Friday,16,82,1,1
141,NOT RATED,6,Friday,3,139,1,0
142,R,10,Friday,2,127,1,0
143,R,10,Friday,10,141,1,1
144,PG-13,4,Friday,27,96,1,0
145,PG-13,6,Friday,27,106,1,1
146,R,6,Friday,13,112,2,1
147,PG-13,11,Friday,6,98,1,1
148,R,9,Friday,7,122,1,1
149,R,1,Friday,30,109,1,1
150,PG-13,12,Wednesday,22,98,1,1
151,PG-13,5,Friday,11,132,1,1
152,G,12,Friday,11,97,2,1
153,PG,7,Friday,7,104,1,1
154,R,6,Saturday,25,106,1,0
155,R,10,Friday,27,97,1,0
156,R,7,Friday,22,109,1,1
157,R,4,Friday,11,117,1,0
158,PG-13,8,Friday,4,130,1,1
159,R,6,Friday,10,96,1,0
160,PG,11,Wednesday,25,87,1,1
161,PG-13,5,Friday,2,101,1,1
162,PG-13,3,Friday,28,135,1,1
163,R,11,Friday,14,137,1,0
164,PG-13,5,Friday,25,169,1,1
165,PG,10,Friday,10,81,1,1
166,PG-13,1,Friday,12,109,1,0
167,R,4,Friday,16,117,1,1
168,R,1,Friday,19,124,1,0
169,PG-13,2,Friday,4,90,1,1
170,G,2,Friday,14,72,1,1
171,PG-13,6,Friday,5,95,1,1
172,PG,11,Friday,21,96,2,1
173,PG,12,Friday,14,92,1,1
174,PG-13,1,Friday,14,90,1,0
175,PG-13,12,Friday,19,104,1,1
176,PG,5,Friday,27,86,2,1
177,PG-13,10,Friday,4,91,1,1
178,R,10,Friday,12,120,1,1
179,R,10,Friday,4,88,1,1
180,R,6,Thursday,15,98,1,0
181,R,6,Friday,15,120,22,0
182,R,5,Friday,14,163,1,1
183,R,10,Friday,21,112,1,0
184,PG-13,8,Friday,7,118,1,1
185,PG-13,6,Friday,6,126,1,1
186,PG-13,5,Friday,5,126,1,1
187,R,7,Friday,12,117,1,1
188,PG-13,12,Friday,16,129,1,1
189,PG-13,2,Friday,15,93,1,1
190,PG-13,5,Friday,9,99,1,1
191,PG,6,Friday,11,80,1,1
192,PG-13,3,Friday,17,105,1,1
193,R,4,Friday,24,98,1,0
194,PG-13,4,Friday,23,97,1,0
195,R,1,Friday,25,101,1,0
196,PG-13,7,Friday,11,130,1,1
197,R,1,Friday,3,84,1,1
198,PG,6,Friday,22,87,1,1
199,R,5,Friday,14,121,1,1
200,R,10,Friday,31,114,1,1
201,PG-13,10,Friday,7,127,1,1
202,PG-13,11,Friday,12,98,1,1
203,PG-13,3,Friday,4,86,1,1
204,PG-13,9,Friday,20,132,1,0
205,R,8,Friday,14,112,1,1
206,R,3,Friday,19,103,1,1
207,R,8,Wednesday,13,107,1,1
208,R,5,Friday,5,155,1,1
209,R,10,Friday,3,149,1,1
210,R,3,Friday,22,119,1,1
211,PG-13,11,Wednesday,27,99,1,0
212,PG-13,5,Friday,9,91,1,1
213,R,9,Friday,28,121,1,1
214,R,7,Friday,31,146,1,0
215,R,1,Wednesday,12,98,1,1
216,PG,12,Thursday,25,115,1,1
217,PG-13,8,Friday,3,90,1,1
218,G,6,Friday,18,103,1,1
219,R,4,Friday,4,109,1,1
220,PG-13,4,Friday,12,86,2,1
221,R,10,Friday,28,102,1,0
222,R,10,Friday,27,116,1,0
223,R,10,Friday,6,140,1,1
224,PG-13,3,Friday,1,98,1,1
225,R,8,Friday,27,99,1,0
226,PG-13,10,Friday,11,92,2,1
227,PG-13,6,Friday,1,95,1,0
228,R,3,Wednesday,21,106,1,1
229,PG-13,6,Wednesday,30,127,1,1
230,PG,9,Friday,18,90,2,1
231,PG-13,10,Friday,24,84,1,1
232,PG-13,11,Friday,21,122,1,1
233,R,3,Friday,7,102,1,1
234,R,2,Friday,4,108,1,1
235,R,2,Friday,27,97,1,0
236,PG-13,12,Friday,22,109,1,1
237,PG-13,7,Friday,26,94,1,1
238,PG-13,12,Friday,12,128,1,1
239,R,12,Wednesday,8,113,1,1
240,PG-13,5,Friday,6,112,1,1
241,PG,7,Wednesday,17,96,1,1
242,PG-13,3,Friday,5,111,1,0
243,PG-13,6,Friday,23,107,1,1
244,PG,5,Friday,1,85,1,1
245,R,10,Friday,12,110,1,1
246,PG,7,Friday,19,77,1,1
247,R,7,Wednesday,2,109,1,1
248,R,11,Friday,17,84,1,1
249,R,2,Friday,26,101,1,1
250,PG-13,4,Friday,25,98,1,1
251,PG-13,9,Friday,24,91,1,1
252,R,9,Friday,3,101,1,0
253,PG-13,6,Friday,3,132,1,1
254,PG-13,12,Wednesday,21,133,1,1
255,R,9,Friday,30,106,1,1
256,R,9,Friday,28,110,1,1
257,PG-13,5,Friday,3,130,1,1
258,PG-13,11,Friday,17,123,1,1
259,PG-13,8,Friday,3,118,1,1
260,R,10,Friday,26,172,3,1
261,R,6,Friday,8,94,1,1
262,R,7,Friday,12,94,1,1
263,PG,3,Friday,26,98,2,1
264,R,12,Wednesday,23,109,1,1
265,R,2,Friday,9,131,1,1
266,R,9,Saturday,15,121,1,0
267,PG-13,8,Friday,17,94,1,0
268,R,6,Thursday,3,113,1,0
269,R,3,Friday,2,88,1,1
270,R,2,Friday,18,109,1,1
271,PG-13,10,Friday,12,123,1,0
272,PG-13,10,Friday,3,110,1,1
273,PG-13,5,Friday,2,134,1,1
274,R,8,Friday,12,132,1,0
275,R,10,Friday,9,127,1,0
276,R,5,Friday,19,93,1,1
277,R,10,Friday,20,135,1,0
278,PG-13,2,Friday,8,114,1,1
279,PG-13,3,Friday,16,96,1,1
280,R,2,Friday,11,119,1,1
281,PG-13,7,Friday,12,131,1,1
282,PG,4,Friday,12,113,1,0
283,PG,1,Friday,27,97,1,1
284,R,4,Thursday,5,99,1,1
285,PG,6,Friday,4,142,1,1
286,PG,4,Wednesday,16,99,1,1
287,R,3,Friday,15,99,1,0
288,PG,3,Friday,13,98,1,1
289,PG-13,10,Friday,6,103,1,1
290,PG-13,4,Friday,18,104,1,1
291,PG-13,11,Friday,14,109,2,1
292,PG-13,2,Friday,11,118,1,1
293,PG-13,6,Friday,1,127,1,1
294,PG-13,10,Friday,3,108,1,1
295,PG-13,9,Friday,3,84,1,0
296,PG-13,8,Wednesday,20,102,1,0
297,PG-13,1,Friday,15,135,1,1
298,PG-13,5,Friday,25,124,1,1
299,R,4,Friday,27,110,1,1
300,PG-13,6,Friday,28,96,1,1
301,PG,12,Friday,9,143,1,1
302,R,2,Thursday,26,113,1,0
303,R,12,Friday,14,95,1,0
304,PG-13,1,Thursday,1,108,1,1
305,R,9,Friday,21,109,1,1
306,R,4,Friday,11,93,1,0
307,R,11,Friday,5,95,1,1
308,R,7,Friday,17,86,1,0
309,R,10,Friday,22,91,1,1
310,PG-13,9,Friday,26,118,1,1
311,R,12,Friday,18,111,1,0
312,R,1,Friday,25,92,1,1
313,R,11,Friday,16,139,1,0
314,NC-17,9,Friday,26,98,1,0
315,R,2,Friday,10,93,1,1
316,G,4,Friday,11,101,1,1
317,R,2,Friday,18,98,1,1
318,R,1,Friday,11,157,1,1
319,PG,7,Wednesday,1,94,2,1
320,PG-13,4,Friday,9,98,1,0
321,R,11,Friday,10,116,1,1
322,PG-13,7,Friday,26,126,1,1
323,PG,5,Friday,13,95,1,1
324,NOT RATED,1,Wednesday,2,89,1,0
325,R,9,Friday,10,94,1,1
326,PG-13,1,Friday,11,128,1,1
327,PG-13,8,Friday,12,104,1,1
328,PG-13,5,Friday,14,140,1,1
329,R,7,Friday,25,98,1,1
330,R,8,Friday,10,108,1,1
331,R,1,Friday,31,90,1,1
332,PG-13,6,Friday,21,116,1,1
333,R,4,Friday,11,150,1,0
334,R,8,Wednesday,31,113,1,1
335,PG-13,6,Friday,3,107,1,0
336,R,10,Friday,21,91,1,0
337,R,8,Friday,22,84,1,0
338,R,4,Friday,16,105,1,0
339,PG,1,Friday,8,105,1,0
340,PG-13,5,Friday,27,113,1,1
341,PG-13,10,Friday,28,130,1,0
342,PG-13,6,Friday,1,84,1,1
343,R,1,Friday,13,134,1,1
344,PG-13,4,Friday,7,118,1,1
345,R,6,Wednesday,12,107,2,1
346,PG,5,Friday,24,102,1,1
347,PG-13,2,Friday,7,114,1,1
348,PG-13,6,Friday,8,122,1,1
349,R,6,Wednesday,4,97,1,0
350,PG,2,Friday,3,107,1,0
351,PG-13,11,Friday,19,146,1,1
352,R,12,Friday,8,143,1,1
353,PG-13,2,Friday,12,125,1,1
354,R,8,Friday,24,104,1,0
355,PG-13,7,Thursday,10,97,1,0
356,R,10,Wednesday,30,127,1,0
357,NOT RATED,3,Friday,23,127,1,1
358,PG-13,7,Friday,23,104,1,0
359,PG-13,12,Thursday,25,119,1,1
360,R,3,Friday,7,111,1,1
361,PG-13,9,Friday,17,92,1,1
362,R,11,Friday,2,85,1,1
363,PG,12,Thursday,25,125,1,1
364,R,6,Friday,12,106,1,1
365,PG-13,8,Friday,30,102,1,0
366,R,10,Friday,25,91,1,1
367,R,10,Friday,20,122,1,0
368,PG-13,4,Friday,21,107,1,0
369,R,11,Friday,16,95,1,1
370,R,1,Friday,8,98,2,1
371,PG-13,6,Wednesday,29,116,1,1
372,R,9,Friday,18,108,1,1
373,R,9,Friday,22,97,1,1
374,NOT RATED,5,Thursday,31,113,1,1
375,R,2,Friday,27,97,1,0
376,R,8,Friday,25,110,1,1
377,R,8,Wednesday,7,110,1,1
378,R,10,Friday,22,94,1,1
379,R,10,Friday,13,84,1,0
380,PG-13,11,Friday,14,116,1,1
381,R,9,Friday,18,102,1,1
382,R,9,Friday,17,105,1,0
383,PG-13,11,Wednesday,23,104,2,0
384,R,3,Friday,23,124,1,1
385,PG,2,Friday,6,92,2,1
386,PG-13,8,Friday,10,91,1,1
387,R,10,Friday,14,103,1,0
388,R,12,Friday,22,109,1,1
389,PG-13,4,Friday,4,114,1,0
390,R,5,Friday,11,83,2,0
391,PG-13,4,Friday,20,101,1,1
392,PG-13,6,Friday,29,114,1,0
393,PG-13,7,Wednesday,9,143,1,1
394,PG-13,2,Friday,11,117,1,1
395,PG-13,3,Friday,27,108,1,0
396,R,6,Thursday,9,105,1,1
397,PG-13,6,Friday,13,85,1,1
398,PG,4,Friday,29,104,1,1
399,PG-13,5,Tuesday,17,139,1,1
400,R,6,Friday,18,112,1,0
401,R,11,Wednesday,27,104,1,0
402,PG-13,1,Friday,27,102,1,1
403,R,10,Friday,10,90,1,1
404,PG-13,12,Friday,22,143,1,1
405,PG-13,1,Friday,16,90,1,1
406,R,8,Friday,21,153,2,1
407,R,4,Friday,13,97,1,1
408,PG,11,Friday,14,91,1,0
409,PG-13,8,Friday,10,127,1,1
410,PG-13,9,Friday,9,106,1,1
411,PG-13,4,Friday,29,101,1,0
412,PG-13,5,Friday,25,108,1,1
413,R,11,Wednesday,9,117,1,1
414,R,11,Wednesday,22,93,1,0
415,PG-13,2,Friday,4,129,1,1
416,R,2,Friday,4,101,1,0
417,R,5,Friday,18,84,1,1
418,R,8,Friday,17,131,1,1
419,PG-13,3,Friday,24,94,1,0
420,PG-13,10,Friday,12,86,1,1
421,PG,11,Wednesday,23,129,1,1
422,PG-13,9,Friday,10,94,1,1
423,R,4,Friday,15,106,1,0
424,R,4,Friday,6,113,2,1
425,PG-13,1,Friday,12,145,1,0
426,R,12,Friday,5,110,1,0
427,NOT RATED,7,Friday,4,78,1,0
428,PG,2,Friday,12,118,1,1
429,PG-13,5,Friday,15,138,1,1
430,PG,6,Friday,16,94,3,0
431,PG,2,Friday,18,106,1,1
432,R,3,Friday,10,107,1,1
433,PG-13,2,Wednesday,12,117,1,1
434,R,9,Friday,1,87,1,0
435,R,4,Friday,13,109,1,1
436,R,6,Friday,13,125,1,0
437,PG,6,Friday,13,102,1,1
438,PG-13,3,Friday,22,107,1,1
439,R,9,Friday,13,111,1,1
440,PG,10,Friday,1,90,3,1
441,PG-13,10,Friday,21,110,1,1
442,PG-13,10,Friday,18,99,1,0
443,PG,7,Friday,1,86,1,0
444,R,12,Monday,25,124,1,0
445,PG-13,10,Friday,14,106,1,0
446,PG-13,12,Wednesday,19,95,1,1
447,R,12,Friday,4,113,1,0
448,R,10,Friday,7,94,1,1
449,PG-13,2,Friday,20,101,2,1
450,PG,7,Thursday,1,103,1,1
451,PG-13,6,Friday,6,113,1,1
452,PG-13,3,Friday,1,114,1,1
453,R,8,Friday,15,139,1,1
454,PG-13,6,Friday,18,128,1,1
455,PG-13,8,Friday,6,111,1,0
456,PG-13,6,Friday,9,118,1,1
457,PG,9,Friday,12,107,1,1
458,R,9,Friday,21,144,1,0
459,PG-13,2,Friday,22,97,1,1
460,PG-13,5,Friday,28,124,1,1
461,PG-13,7,Friday,25,98,1,1
462,PG-13,2,Friday,21,105,1,0
463,PG-13,8,Friday,15,92,1,1
464,R,10,Friday,19,122,2,1
465,PG-13,10,Friday,24,102,1,1
466,R,6,Friday,28,117,1,1
467,PG-13,6,Wednesday,23,109,1,1
468,PG-13,7,Friday,20,115,1,1
469,PG,4,Friday,29,86,1,0
470,PG-13,10,Friday,23,109,1,0
471,R,10,Friday,16,86,1,1
472,R,11,Friday,16,90,1,0
473,NC-17,11,Friday,29,97,1,1
474,R,10,Friday,7,101,1,1
475,R,11,Friday,11,110,1,1
476,R,3,Friday,20,110,1,0
477,R,9,Friday,27,123,1,1
478,R,10,Friday,21,126,1,0
479,PG,9,Friday,23,113,1,1
480,PG-13,8,Friday,10,135,1,1
481,PG-13,4,Friday,19,92,1,1
482,PG-13,4,Friday,16,98,1,0
483,R,6,Friday,25,90,2,0
484,R,1,Friday,23,91,1,1
485,PG-13,9,Thursday,20,105,1,0
486,R,9,Friday,20,106,1,0
487,PG-13,3,Friday,20,119,1,1
488,R,8,Friday,26,99,1,1
489,PG-13,8,Friday,2,106,1,1
490,R,1,Friday,7,108,1,0
491,R,4,Friday,27,104,1,0
492,PG-13,2,Friday,10,105,1,1
493,PG-13,6,Friday,11,117,1,1
494,PG-13,10,Friday,22,129,1,1
495,R,2,Friday,27,104,1,0
496,PG-13,3,Friday,31,105,1,1
497,R,5,Friday,20,117,1,0
498,R,11,Wednesday,26,108,1,1
499,R,7,Friday,22,116,1,1
500,PG,7,Friday,31,105,1,0
501,R,8,Friday,31,90,1,1
502,R,3,Friday,14,105,1,0
503,R,10,Friday,5,122,1,1
504,R,4,Friday,27,94,1,1
505,PG-13,1,Friday,30,121,1,1
506,R,9,Friday,1,93,1,1
507,R,10,Friday,10,128,1,1
508,PG-13,12,Friday,23,145,1,1
509,PG-13,12,Friday,21,130,1,1
510,PG-13,6,Friday,20,96,1,0
511,PG,11,Friday,15,161,1,1
512,R,4,Friday,14,92,1,1
513,PG-13,11,Friday,21,123,1,1
514,PG-13,4,Wednesday,11,91,1,1
515,PG-13,12,Wednesday,17,201,1,1
516,R,2,Friday,15,125,1,0
517,PG-13,1,Friday,19,121,1,1
518,PG-13,8,Friday,26,97,1,0
519,PG,2,Friday,17,120,1,1
520,R,1,Friday,25,118,1,1
521,PG,11,Friday,7,89,2,1
522,PG-13,6,Friday,13,112,1,1
523,PG-13,4,Friday,27,116,1,0
524,PG,5,Friday,29,96,2,1
525,R,1,Friday,28,101,1,1
526,PG-13,4,Friday,17,102,1,1
527,R,11,Friday,2,95,1,1
528,PG-13,1,Friday,27,91,1,0
529,R,3,Wednesday,1,82,1,1
530,PG-13,2,Friday,14,103,1,1
531,PG-13,11,Friday,10,106,1,0
532,PG,2,Friday,13,104,1,1
533,PG-13,7,Friday,7,151,1,1
534,PG,5,Thursday,16,142,1,1
535,R,5,Wednesday,7,98,1,0
536,PG,9,Friday,23,77,2,1
537,R,8,Friday,29,94,1,0
538,R,8,Friday,1,96,1,1
539,PG,10,Friday,20,95,1,1
540,PG-13,5,Friday,31,115,1,1
541,R,8,Friday,28,102,1,0
542,PG,9,Friday,27,95,2,1
543,R,12,Wednesday,25,180,1,1
544,R,12,Friday,25,120,1,1
545,G,3,Friday,30,95,1,1
546,PG-13,2,Friday,6,127,2,1
547,PG,9,Friday,28,91,1,1
548,PG-13,2,Wednesday,14,96,1,1
549,PG-13,8,Wednesday,8,100,1,1
550,R,4,Friday,23,96,1,0
551,PG-13,12,Thursday,25,121,1,1
552,R,1,Friday,4,106,1,0
553,PG-13,8,Friday,14,107,1,1
554,PG,5,Friday,2,94,1,1
555,NOT RATED,11,Friday,28,93,1,1
556,PG-13,1,Friday,21,133,1,0
557,PG-13,1,Friday,17,105,1,0
558,PG,6,Friday,6,92,2,1
559,PG,9,Friday,10,90,1,0
560,R,6,Friday,16,99,1,1
561,PG-13,8,Friday,29,87,2,0
562,R,1,Friday,10,104,2,1
563,NOT RATED,10,Friday,4,110,1,0
564,R,1,Friday,6,164,1,1
565,PG-13,11,Wednesday,10,107,1,1
566,PG-13,11,Friday,16,150,1,1
567,R,2,Friday,18,134,1,0
568,PG,7,Friday,1,109,1,0
569,PG,11,Friday,18,100,3,1
570,R,12,Saturday,25,118,1,1
571,R,10,Friday,24,92,1,1
572,R,12,Friday,21,116,1,1
573,PG,11,Friday,7,102,2,1
574,PG,1,Tuesday,21,89,1,0
575,PG,2,Thursday,24,103,1,1
576,R,7,Friday,27,102,1,1
577,NOT RATED,9,Friday,2,95,1,0
578,PG-13,8,Friday,5,105,1,1
579,R,9,Friday,20,153,1,1
580,R,7,Thursday,31,97,1,0
581,R,1,Friday,26,108,1,1
582,R,7,Friday,30,129,1,1
583,PG-13,7,Friday,16,148,1,1
584,PG-13,12,Wednesday,22,115,1,1
585,R,11,Friday,4,106,1,1
586,R,4,Friday,4,81,1,1
587,PG-13,12,Wednesday,10,90,1,0
588,R,3,Friday,9,120,1,0
589,G,6,Friday,23,84,2,1
590,PG-13,8,Friday,24,91,1,0
591,R,5,Thursday,27,146,1,1
592,R,5,Thursday,23,100,1,1
593,R,11,Friday,17,81,2,0
594,PG-13,7,Friday,30,114,1,1
595,PG-13,4,Friday,8,104,2,1
596,R,5,Thursday,26,102,1,1
597,PG-13,2,Friday,18,109,1,1
598,PG,7,Friday,30,82,1,1
599,R,7,Friday,31,90,1,1
600,R,2,Wednesday,16,93,1,1
601,R,9,Friday,23,116,1,0
602,PG-13,6,Friday,22,106,1,1
603,PG-13,2,Friday,3,95,1,1
604,R,1,Friday,31,94,1,1
605,R,3,Friday,19,101,1,1
606,PG-13,7,Friday,27,119,1,1
607,PG-13,1,Friday,30,88,1,0
608,R,3,Thursday,29,137,1,0
609,PG-13,11,Friday,16,115,1,1
610,R,1,Friday,28,96,1,0
611,R,10,Friday,11,92,2,0
612,R,2,Friday,4,116,1,1
613,PG-13,9,Friday,2,101,1,0
614,UNRATED,1,Thursday,9,111,1,0
615,R,11,Wednesday,5,129,2,1
616,R,10,Friday,26,113,1,0
617,PG-13,10,Friday,14,100,1,1
618,R,1,Thursday,25,84,1,0
619,R,5,Wednesday,22,90,1,1
620,R,1,Friday,3,125,1,1
621,PG-13,12,Wednesday,25,128,1,0
622,PG-13,10,Friday,11,109,1,1
623,PG-13,9,Friday,29,100,1,0
624,PG-13,9,Friday,15,125,1,1
625,PG-13,5,Friday,4,130,1,1
626,R,11,Friday,8,134,1,1
627,PG,5,Friday,21,93,1,1
628,PG,3,Friday,27,94,1,1
629,R,3,Friday,13,114,1,1
630,R,9,Friday,21,96,1,1
631,PG-13,3,Friday,10,97,1,1
632,PG-13,9,Friday,19,110,1,1
633,PG,8,Wednesday,8,93,1,1
634,PG-13,2,Friday,1,98,1,1
635,PG-13,3,Friday,7,105,1,1
636,PG-13,6,Friday,29,99,1,1
637,PG-13,2,Friday,4,89,1,1
638,R,9,Friday,5,100,1,0
639,R,9,Thursday,6,87,1,1
640,PG-13,11,Wednesday,24,119,1,1
641,R,5,Friday,13,103,1,1
642,PG-13,10,Friday,29,103,1,1
643,PG-13,2,Wednesday,14,100,1,1
644,R,7,Friday,30,80,1,1
645,PG-13,4,Friday,25,109,1,1
646,PG-13,8,Friday,22,97,1,1
647,R,12,Friday,16,94,1,1
648,PG-13,7,Wednesday,18,92,1,1
649,PG,6,Friday,14,86,1,1
650,R,8,Friday,29,104,1,1
651,PG-13,2,Friday,2,107,2,1
652,R,2,Friday,1,86,1,0
653,R,10,Friday,10,89,1,1
654,R,11,Friday,22,117,1,1
655,PG-13,9,Friday,27,108,1,1
656,PG-13,9,Friday,16,108,1,0
657,R,12,Friday,6,116,1,0
658,PG,10,Friday,10,90,1,0
659,R,8,Friday,1,99,1,0
660,PG-13,4,Friday,20,97,1,1
661,PG,9,Friday,29,113,1,1
662,PG,3,Friday,31,89,3,0
663,PG-13,7,Friday,30,108,1,1
664,R,11,Wednesday,21,126,1,1
665,PG,11,Friday,2,101,1,1
666,R,5,Thursday,6,90,1,0
667,PG,9,Friday,30,120,1,0
668,R,8,Friday,26,109,1,0
669,R,3,Friday,8,95,1,1
670,PG-13,2,Friday,11,114,1,1
671,PG-13,9,Friday,30,129,1,1
672,PG-13,4,Friday,2,121,1,1
673,R,1,Friday,16,133,1,0
674,PG-13,8,Friday,4,108,1,1
675,PG-13,8,Friday,15,133,1,0
676,PG-13,9,Friday,16,95,1,1
677,PG-13,12,Sunday,25,146,1,1
678,PG,7,Wednesday,4,87,1,1
679,R,11,Friday,4,90,1,1
680,NOT RATED,5,Wednesday,28,110,1,1
681,PG-13,1,Friday,10,107,1,1
682,R,4,Friday,21,90,1,0
683,R,4,Friday,6,124,1,1
684,PG-13,11,Friday,7,169,1,1
685,R,10,Wednesday,15,107,1,1
686,PG-13,6,Wednesday,29,154,1,1
687,PG-13,9,Friday,7,104,1,0
688,PG-13,12,Wednesday,21,90,1,1
689,R,1,Friday,27,117,1,1
690,PG-13,3,Friday,15,95,1,0
691,PG-13,8,Friday,23,78,1,1
692,R,9,Friday,12,87,1,0
693,R,1,Friday,19,102,1,1
694,PG-13,8,Friday,26,97,1,0
695,R,8,Friday,15,110,1,1
696,R,3,Friday,26,101,1,1
697,R,4,Friday,15,90,1,1
698,PG,4,Friday,18,61,1,1
699,PG-13,12,Friday,17,121,1,0
700,PG-13,6,Friday,10,112,1,1
701,R,1,Friday,10,105,1,1
702,PG,8,Friday,14,111,1,0
703,PG-13,10,Friday,5,92,1,1
704,PG,10,Friday,13,123,1,0
705,PG-13,7,Tuesday,3,91,1,1
706,PG-13,5,Friday,19,149,1,1
707,R,3,Friday,5,132,1,1
708,NC-17,10,Wednesday,9,180,1,1
709,R,3,Friday,12,106,1,0
710,PG-13,5,Friday,6,115,1,1
711,PG-13,7,Wednesday,3,150,1,0
712,R,2,Friday,18,121,1,1
713,PG-13,7,Friday,8,105,1,0
714,R,7,Friday,19,112,1,0
715,R,9,Friday,6,108,1,0
716,PG,3,Friday,14,102,1,1
717,R,2,Friday,24,108,1,0
718,PG-13,8,Friday,23,98,1,1
719,R,2,Thursday,28,99,1,1
720,PG,12,Saturday,25,85,1,1
721,PG-13,11,Wednesday,27,93,1,0
722,PG-13,6,Friday,1,127,1,1
723,UNRATED,6,Thursday,29,90,2,0
724,PG,2,Thursday,14,96,1,1
725,PG-13,3,Friday,7,109,1,1
726,PG-13,6,Friday,5,102,1,0
727,R,1,Tuesday,27,85,2,0
728,PG-13,5,Friday,25,106,1,1
729,PG,10,Friday,21,101,1,1
730,PG-13,1,Friday,7,95,1,1
731,R,6,Tuesday,6,110,1,1
732,PG-13,12,Friday,5,94,1,1
733,R,8,Friday,20,114,1,0
734,PG-13,1,Friday,14,136,1,1
735,G,4,Friday,14,94,1,0
736,PG-13,3,Friday,15,100,1,0
737,PG-13,3,Friday,25,91,1,0
738,PG,10,Friday,23,111,1,0
739,PG-13,11,Wednesday,9,116,1,0
740,PG,12,Friday,17,106,1,1
741,PG,10,Friday,23,94,1,0
742,R,6,Friday,25,122,1,1
743,R,4,Friday,30,152,1,1
744,PG,3,Friday,30,88,1,1
745,R,2,Friday,5,112,1,1
746,R,4,Friday,25,104,2,1
747,PG,12,Friday,22,131,1,0
748,R,12,Friday,23,99,1,1
749,PG,6,Friday,15,95,2,1
750,R,11,Wednesday,24,98,1,0
751,R,10,Friday,19,114,1,1
752,PG-13,8,Friday,22,107,1,1
753,R,12,Thursday,25,120,2,1
754,R,2,Friday,29,107,1,1
755,R,9,Friday,28,113,1,1
756,R,3,Friday,28,109,1,0
757,PG,4,Friday,18,90,1,1
758,R,4,Friday,11,95,1,1
759,PG-13,7,Friday,29,119,1,1
760,PG-13,1,Friday,18,85,1,1
761,PG,6,Wednesday,16,120,1,0
762,R,7,Friday,11,104,1,1
763,R,4,Friday,16,92,1,1
764,PG-13,2,Friday,27,96,1,0
765,G,4,Friday,10,102,1,1
766,PG-13,12,Friday,15,83,1,1
767,R,3,Friday,22,94,1,1
768,R,1,Friday,18,109,1,0
769,G,2,Friday,11,77,1,1
770,R,9,Friday,24,99,1,0
771,R,1,Wednesday,12,139,1,1
772,PG-13,11,Friday,1,105,1,1
773,PG-13,11,Friday,12,97,1,1
774,PG-13,9,Thursday,20,127,1,1
775,PG-13,5,Friday,28,116,1,1
776,PG-13,4,Friday,4,136,2,1
777,R,3,Friday,6,120,1,1
778,R,10,Friday,15,95,1,1
779,R,11,Friday,18,103,1,1
780,PG-13,6,Friday,3,144,1,1
781,R,11,Friday,14,119,1,1
782,PG,8,Friday,24,90,1,1
783,PG-13,9,Friday,25,89,1,1
784,PG-13,3,Friday,5,101,1,1
785,PG-13,2,Thursday,14,98,1,1
786,R,1,Friday,18,131,1,1
787,PG-13,10,Friday,15,106,1,1
788,R,10,Friday,17,98,2,0
789,R,9,Friday,26,160,1,0
790,PG-13,6,Friday,20,106,1,1
791,PG-13,9,Friday,16,89,1,1
792,R,2,Friday,8,108,1,0
793,R,11,Friday,11,108,1,1
794,R,1,Friday,11,113,1,1
795,R,10,Friday,14,97,1,0
796,PG-13,11,Friday,30,106,1,1
797,PG,11,Friday,4,93,1,1
798,PG-13,7,Wednesday,19,105,1,0
799,R,3,Friday,12,104,1,1
800,PG-13,9,Friday,14,106,1,0
801,PG-13,12,Friday,14,101,1,1
802,R,4,Friday,20,85,1,1
803,R,9,Friday,20,91,1,0
804,R,2,Friday,15,100,1,1
805,R,10,Friday,25,117,1,1
806,R,8,Friday,12,83,1,1
807,PG-13,2,Friday,17,96,2,1
808,R,4,Thursday,11,97,1,0
809,R,3,Friday,20,115,1,0
810,PG,5,Friday,16,124,1,1
811,R,5,Thursday,28,99,1,0
812,PG-13,8,Friday,19,85,1,1
813,PG-13,11,Friday,18,117,1,1
814,PG-13,8,Wednesday,10,146,1,1
815,R,1,Friday,15,118,2,1
816,R,9,Friday,21,95,1,0
817,PG-13,2,Friday,18,94,1,0
818,PG-13,4,Friday,2,106,1,1
819,PG,1,Friday,22,106,1,0
820,PG-13,10,Friday,8,114,1,1
821,R,6,Thursday,12,90,1,1
822,PG-13,10,Friday,3,83,1,0
823,PG,4,Friday,9,96,1,0
824,R,9,Friday,12,93,1,1
825,R,7,Friday,15,119,1,1
826,PG-13,7,Friday,8,106,1,1
827,PG-13,9,Friday,29,139,1,0
828,R,5,Friday,11,100,1,1
829,R,12,Friday,3,104,1,1
830,R,9,Friday,19,100,1,1
831,R,3,Friday,16,109,2,1
832,PG-13,10,Friday,14,123,1,0
833,R,10,Friday,16,103,11,0
834,PG-13,5,Friday,31,124,1,1
835,PG-13,7,Tuesday,3,123,1,1
836,R,5,Friday,30,145,1,1
837,R,3,Friday,20,105,1,1
838,R,7,Friday,18,103,1,1
839,PG-13,7,Thursday,5,93,1,1
840,R,9,Friday,7,86,1,0
841,PG-13,5,Friday,23,96,1,1
842,PG-13,11,Wednesday,21,93,1,0
843,PG-13,3,Friday,23,142,1,1
844,PG-13,12,Friday,9,113,1,1
845,PG,6,Friday,16,99,1,1
846,R,10,Friday,15,103,1,0
847,PG-13,1,Friday,9,109,1,1
848,PG-13,4,Friday,15,97,1,0
849,R,7,Friday,6,98,1,1
850,R,9,Friday,19,102,1,0
851,R,12,Wednesday,21,158,1,1
852,PG,3,Friday,11,88,1,0
853,R,11,Friday,18,80,1,1
854,R,4,Friday,18,108,1,0
855,R,9,Thursday,29,107,1,1
856,PG,6,Friday,15,92,1,1
857,PG-13,9,Friday,2,90,1,0
858,PG-13,3,Friday,18,105,1,1
859,R,5,Friday,30,86,1,1
860,PG-13,12,Friday,18,103,1,1
861,PG-13,8,Friday,17,102,1,0
862,PG,4,Friday,28,90,1,0
863,PG-13,1,Friday,18,111,1,1
864,PG,5,Friday,9,92,1,1
865,PG-13,8,Friday,26,108,1,1
866,R,11,Thursday,10,120,1,0
867,R,11,Monday,1,85,1,0
868,R,12,Friday,9,81,1,1
869,R,11,Friday,19,108,1,0
870,R,9,Friday,12,101,1,1
871,PG-13,6,Friday,13,116,1,0
872,PG-13,2,Friday,18,107,1,1
873,R,8,Friday,31,109,1,1
874,R,9,Friday,5,102,1,0
875,PG-13,11,Friday,16,115,1,1
876,PG-13,2,Friday,1,98,2,1
877,R,5,Friday,13,88,1,0
878,R,7,Friday,30,106,1,1
879,PG-13,4,Friday,9,88,1,1
880,R,3,Wednesday,12,144,1,0
881,R,4,Friday,17,91,1,1
882,R,11,Wednesday,24,175,1,1
883,PG-13,3,Friday,11,100,1,1
884,PG-13,1,Friday,7,117,1,1
885,PG,10,Friday,5,86,1,1
886,R,3,Friday,1,93,2,1
887,PG-13,8,Friday,20,95,1,1
888,R,1,Friday,23,112,1,0
889,PG,7,Friday,28,88,1,1
890,R,4,Friday,21,125,1,1
891,PG-13,6,Friday,24,102,1,1
892,PG-13,2,Friday,5,108,1,1
893,R,1,Thursday,10,115,1,1
894,PG,12,Wednesday,21,94,1,1
895,PG-13,1,Friday,9,128,1,1
896,PG,3,Friday,9,88,1,1
897,R,8,Friday,22,102,2,0
898,PG-13,9,Friday,4,99,1,1
899,PG-13,9,Friday,21,104,1,0
900,R,8,Thursday,7,100,1,0
901,R,5,Sunday,18,122,1,0
902,R,11,Wednesday,27,100,1,1
903,R,9,Friday,19,121,1,1
904,PG-13,10,Friday,20,130,1,1
905,R,10,Wednesday,8,139,1,0
906,R,12,Wednesday,24,112,2,0
907,R,3,Friday,1,111,1,1
908,PG-13,4,Friday,11,106,1,1
909,PG-13,8,Friday,24,108,1,0
910,R,10,Friday,4,93,1,0
911,PG-13,6,Wednesday,27,128,1,1
912,R,4,Friday,26,91,1,1
913,PG-13,2,Friday,15,116,1,1
914,R,12,Friday,22,167,1,0
915,R,7,Friday,8,98,1,1
916,PG-13,9,Wednesday,1,141,1,0
917,G,2,Friday,17,94,1,1
918,R,10,Friday,7,122,1,1
919,R,1,Friday,16,101,1,1
920,R,9,Friday,21,94,1,1
921,R,12,Tuesday,25,165,1,1
922,PG-13,3,Friday,20,125,1,0
923,PG-13,5,Thursday,19,140,1,1
924,PG-13,9,Friday,21,108,1,0
925,R,10,Friday,12,119,1,1
926,PG,12,Friday,23,124,1,1
927,PG-13,1,Friday,26,124,1,0
928,G,6,Wednesday,22,101,1,1
929,R,9,Friday,24,99,1,1
930,R,8,Tuesday,19,107,1,0
931,R,12,Friday,26,111,1,0
932,PG-13,7,Wednesday,2,95,1,1
933,PG-13,12,Wednesday,25,141,1,0
934,R,3,Friday,15,94,1,1
935,R,12,Friday,21,96,1,0
936,R,9,Friday,19,99,1,0
937,R,4,Friday,19,140,1,1
938,R,1,Friday,24,115,1,1
939,R,7,Friday,25,89,1,1
940,R,4,Friday,21,135,1,0
941,R,1,Friday,20,123,1,0
942,PG-13,5,Friday,12,115,1,0
943,R,1,Friday,9,116,1,1
944,R,10,Friday,31,104,1,0
945,PG-13,9,Friday,27,97,1,0
946,PG-13,2,Friday,4,91,1,1
947,R,11,Friday,8,110,1,1
948,PG-13,2,Friday,13,99,1,1
949,R,9,Thursday,6,116,1,1
950,R,9,Thursday,26,141,1,0
951,R,3,Friday,1,112,1,1
952,PG-13,8,Friday,13,133,1,1
953,PG-13,12,Friday,18,162,1,1
954,R,10,Friday,26,91,1,1
955,PG-13,8,Friday,7,95,1,1
956,R,3,Friday,19,106,1,0
957,R,11,Friday,13,117,1,0
958,R,7,Friday,26,104,1,1
959,R,6,Friday,14,109,1,1
960,R,5,Friday,25,109,1,0
961,PG-13,10,Friday,5,112,1,1
962,PG,12,Wednesday,23,88,1,1
963,R,8,Friday,19,116,1,1
964,R,8,Friday,5,88,2,1
965,PG-13,11,Friday,18,136,1,1
966,R,11,Friday,10,110,1,1
967,PG-13,2,Friday,20,110,1,0
968,R,3,Friday,14,94,1,0
969,PG,1,Friday,25,101,1,1
970,R,9,Friday,22,92,1,1
971,PG,1,Friday,13,80,3,1
972,R,2,Friday,11,104,1,0
973,R,1,Friday,21,126,1,1
974,PG-13,11,Wednesday,22,96,1,0
975,R,9,Friday,11,101,1,0
976,R,2,Friday,25,105,2,1
977,R,11,Friday,11,137,1,1
978,R,5,Friday,7,97,1,1
979,PG,1,Friday,21,95,1,1
980,PG-13,5,Friday,26,104,1,1
981,PG-13,4,Friday,8,110,1,1
982,R,7,Friday,27,105,1,0
983,PG-13,8,Friday,19,107,1,1
984,R,7,Friday,31,131,1,1
985,R,8,Friday,20,88,1,1
986,R,3,Wednesday,22,115,1,1
987,PG-13,11,Wednesday,26,94,1,1
988,PG-13,9,Friday,12,114,1,1
989,PG-13,6,Wednesday,15,140,1,1
990,PG,8,Friday,17,92,2,1
991,R,1,Friday,6,83,1,1
992,PG-13,12,Friday,11,122,1,0
993,R,6,Friday,17,98,1,0
994,R,7,Wednesday,2,97,1,1
995,PG-13,1,Friday,4,114,1,1
996,PG-13,8,Friday,16,132,1,1
997,R,1,Friday,14,108,1,0
998,G,2,Friday,10,86,1,1
999,R,2,Thursday,14,98,1,1
1000,PG-13,10,Friday,8,118,1,1
1001,R,4,Friday,30,95,1,1
1002,R,9,Friday,17,125,1,1
1003,PG,9,Friday,20,104,1,1
1004,PG-13,8,Wednesday,27,114,1,1
1005,R,4,Friday,16,124,1,1
1006,R,4,Friday,12,98,1,1
1007,R,11,Friday,9,98,1,0
1008,R,11,Friday,30,97,1,1
1009,R,4,Friday,26,89,1,0
1010,PG,7,Friday,24,88,1,1
1011,PG-13,8,Friday,24,82,1,0
1012,R,8,Friday,2,91,1,1
1013,R,5,Friday,3,99,2,0
1014,R,2,Friday,27,92,1,1
1015,PG-13,8,Friday,18,93,1,1
1016,PG-13,8,Friday,26,118,1,1
1017,R,7,Wednesday,1,140,1,1
1018,R,7,Friday,18,94,1,1
1019,PG,6,Friday,25,109,1,0
1020,PG-13,9,Friday,5,110,1,0
1021,R,10,Friday,31,101,1,1
1022,PG-13,9,Friday,23,133,1,1
1023,R,8,Thursday,23,98,1,0
1024,R,11,Friday,14,135,1,1
1025,PG-13,4,Friday,22,107,1,1
1026,R,1,Friday,25,94,13,1
1027,PG-13,1,Friday,25,86,2,1
1028,PG-13,8,Friday,20,101,2,1
1029,R,7,Thursday,7,96,1,1
1030,PG-13,1,Friday,25,108,1,1
1031,PG-13,1,Friday,28,132,1,1
1032,PG-13,9,Friday,13,102,1,1
1033,R,12,Thursday,25,154,1,1
1034,R,10,Friday,26,93,1,1
1035,R,6,Wednesday,10,85,1,0
1036,UNRATED,6,Friday,13,86,1,1
1037,R,10,Friday,3,115,1,1
1038,R,11,Friday,21,98,1,1
1039,PG-13,4,Friday,21,124,1,1
1040,R,8,Friday,29,98,1,0
1041,PG-13,8,Friday,16,104,1,1
1042,PG-13,8,Friday,29,90,1,1
1043,R,1,Sunday,18,88,1,0
1044,R,3,Friday,3,103,1,1
1045,PG-13,7,Friday,18,152,1,1
1046,R,8,Friday,9,109,1,1
1047,R,9,Friday,12,96,2,1
1048,R,4,Friday,6,104,1,1
1049,PG-13,4,Friday,1,103,1,1
1050,R,1,Friday,10,121,1,1
1051,R,9,Friday,1,88,2,1
1052,PG,3,Friday,11,91,2,1
1053,R,9,Friday,14,96,1,1
1054,G,4,Friday,15,96,1,1
1055,PG,6,Friday,22,93,3,1
1056,R,6,Friday,20,134,1,1
1057,R,10,Friday,19,118,1,0
1058,R,3,Friday,30,99,1,0
1059,PG-13,1,Friday,7,101,1,1
1060,R,4,Friday,8,102,1,0
1061,PG-13,6,Friday,19,114,1,0
1062,R,1,Wednesday,19,97,1,1
1063,R,10,Friday,19,122,1,0
1064,R,11,Friday,15,120,1,1
1065,R,6,Friday,29,102,1,0
1066,R,11,Wednesday,21,122,2,1
1067,PG,5,Friday,19,83,2,1
1068,R,6,Friday,1,150,1,0
1069,PG-13,12,Friday,22,125,1,1
1070,R,5,Friday,2,88,1,1
1071,R,9,Friday,14,122,1,0
1072,R,11,Wednesday,14,93,1,1
1073,PG-13,6,Friday,21,145,1,1
1074,PG,11,Wednesday,23,88,1,1
1075,R,10,Friday,25,87,1,1
1076,PG-13,10,Friday,5,90,1,1
1077,PG-13,12,Tuesday,25,96,1,1
1078,PG-13,4,Friday,1,93,1,1
1079,R,3,Friday,17,132,1,1
1080,PG,11,Friday,7,97,1,1
1081,R,2,Friday,2,141,1,1
1082,PG,3,Friday,4,107,1,1
1083,PG-13,1,Friday,13,105,1,1
1084,R,12,Sunday,25,99,1,1
1085,R,2,Friday,20,93,1,0
1086,R,1,Friday,16,137,1,1
1087,PG,5,Friday,30,97,1,1
1088,PG,8,Friday,12,84,2,1
1089,R,11,Friday,10,129,1,1
1090,PG-13,8,Friday,11,104,1,1
1091,PG-13,11,Friday,22,146,1,1
1092,R,3,Friday,21,94,1,0
1093,R,3,Friday,26,88,1,1
1094,PG-13,3,Friday,25,105,1,1
1095,NC-17,2,Friday,20,115,1,1
1096,PG-13,7,Friday,14,98,1,1
1097,R,1,Friday,28,112,1,1
1098,PG-13,11,Friday,10,113,1,1
1099,G,2,Friday,11,105,1,1
1100,PG-13,2,Friday,28,138,1,1
1101,R,7,Friday,11,115,1,0
1102,PG-13,8,Friday,27,107,1,1
1103,R,12,Friday,21,102,1,1
1104,PG,1,Friday,16,100,1,1
1105,PG-13,7,Friday,26,103,2,1
1106,R,5,Friday,18,145,1,1
1107,PG-13,2,Thursday,14,124,1,1
1108,R,8,Friday,25,117,1,0
1109,PG-13,7,Friday,10,106,1,0
1110,R,11,Friday,30,108,1,1
1111,PG-13,11,Friday,9,114,2,1
1112,PG-13,12,Thursday,25,137,1,1
1113,R,3,Friday,28,112,1,0
1114,PG-13,3,Friday,31,106,1,1
1115,R,2,Friday,9,121,1,1
1116,R,12,Friday,20,167,1,1
1117,R,1,Friday,16,101,1,1
1118,R,2,Friday,24,122,1,0
1119,PG-13,6,Friday,16,94,1,1
1120,PG-13,8,Friday,21,88,1,0
1121,R,7,Thursday,28,92,1,0
1122,PG-13,1,Friday,23,95,1,0
1123,PG,8,Friday,20,109,1,1
1124,R,12,Friday,17,108,1,1
1125,R,5,Friday,26,144,1,0
1126,R,12,Friday,16,81,1,1
1127,R,12,Friday,11,118,1,1
1128,PG-13,6,Wednesday,30,124,1,1
1129,PG,3,Friday,3,104,1,1
1130,PG-13,5,Friday,30,111,1,1
1131,PG,3,Friday,31,91,1,1
1132,R,11,Wednesday,26,91,1,1
1133,R,9,Friday,4,95,2,0
1134,R,8,Friday,7,98,1,1
1135,PG-13,4,Friday,6,122,1,1
1136,PG,3,Friday,31,93,1,0
1137,R,3,Friday,18,100,1,0
1138,PG-13,9,Friday,20,113,1,1
1139,PG,7,Friday,27,104,1,1
1140,R,4,Thursday,28,106,1,0
1141,R,11,Friday,26,103,1,0
1142,PG-13,9,Friday,26,89,1,0
1143,PG-13,1,Friday,14,111,1,0
1144,PG-13,6,Friday,20,138,1,1
1145,PG-13,3,Friday,24,85,1,1
1146,R,12,Friday,4,105,1,1
1147,PG-13,7,Friday,21,130,1,1
1148,R,10,Friday,3,101,1,1
1149,PG-13,10,Friday,18,115,1,1
1150,R,10,Friday,25,92,1,1
1151,PG-13,4,Friday,8,124,1,0
1152,PG-13,10,Friday,14,113,1,1
1153,PG-13,6,Friday,8,101,1,1
1154,G,3,Friday,29,127,1,1
1155,PG-13,6,Friday,17,114,1,1
1156,PG-13,7,Friday,19,96,1,0
1157,PG-13,5,Wednesday,21,95,2,0
1158,R,7,Thursday,11,105,1,0
1159,R,10,Friday,19,148,1,1
1160,R,1,Friday,10,126,1,1
1161,R,8,Friday,1,102,1,1
1162,R,1,Friday,22,100,1,1
1163,R,10,Friday,1,116,1,1
1164,R,3,Friday,17,131,1,1
1165,PG-13,10,Friday,17,114,1,1
1166,PG-13,10,Friday,26,120,1,1
1167,PG-13,9,Friday,12,84,1,1
1168,R,8,Friday,31,105,1,0
1169,PG-13,11,Friday,12,105,1,1
1170,R,9,Friday,14,97,1,0
1171,PG-13,5,Friday,13,87,1,1
1172,PG-13,10,Wednesday,26,93,2,0
1173,R,2,Friday,10,115,1,1
1174,PG-13,10,Friday,6,108,1,1
1175,R,2,Friday,25,104,1,0
1176,PG,12,Thursday,25,98,1,1
1177,PG,12,Thursday,8,110,1,0
1178,R,9,Friday,12,106,1,1
1179,R,6,Friday,27,110,1,1
1180,PG-13,8,Wednesday,9,129,1,1
1181,R,11,Wednesday,6,114,1,0
1182,R,3,Friday,19,108,1,1
1183,R,7,Friday,24,96,1,1
1184,PG-13,1,Friday,27,99,1,1
1185,PG,1,Friday,16,91,1,1
1186,R,10,Friday,19,160,1,0
1187,PG-13,3,Thursday,28,110,1,1
1188,R,8,Friday,18,107,1,1
1189,R,4,Friday,17,96,2,1
1190,PG-13,1,Friday,8,123,1,1
1191,PG-13,6,Friday,16,104,1,1
1192,PG,7,Wednesday,2,86,2,0
1193,PG-13,5,Friday,29,99,1,1
1194,PG-13,5,Friday,10,130,1,1
1195,PG,4,Friday,28,112,1,1
1196,PG-13,2,Friday,24,107,1,1
1197,PG,6,Friday,8,93,3,1
1198,PG-13,2,Friday,14,114,1,1
1199,R,6,Friday,5,100,1,1
1200,PG-13,5,Friday,24,130,1,1
1201,R,2,Friday,21,130,1,0
1202,PG-13,1,Friday,16,84,1,1
1203,R,6,Thursday,12,121,1,0
1204,R,7,Friday,28,100,1,0
1205,R,8,Friday,25,96,1,0
1206,R,11,Wednesday,25,99,1,1
1207,R,2,Friday,25,104,1,0
1208,PG,12,Tuesday,25,105,1,1
1209,PG,7,Wednesday,2,91,1,1
1210,PG-13,4,Friday,19,124,1,1
1211,R,6,Friday,29,106,1,1
1212,PG-13,6,Friday,19,108,1,1
1213,R,4,Friday,20,90,1,0
1214,PG-13,2,Friday,6,111,1,1
1215,PG-13,3,Friday,4,106,1,1
1216,PG-13,2,Friday,17,83,2,1
1217,PG-13,12,Wednesday,19,178,1,1
1218,PG-13,9,Friday,3,114,1,0
1219,PG-13,6,Wednesday,28,154,1,1
1220,NOT RATED,11,Friday,3,85,1,0
1221,PG-13,11,Wednesday,22,126,1,1
1222,PG-13,10,Friday,10,100,2,1
1223,PG-13,6,Friday,28,131,1,1
1224,PG-13,1,Friday,25,132,1,1
1225,PG-13,1,Friday,27,86,1,1
1226,PG,4,Friday,13,92,2,1
1227,PG-13,11,Friday,8,112,1,1
1228,PG-13,3,Friday,5,136,1,1
1229,R,10,Friday,6,99,1,1
1230,PG-13,12,Friday,13,118,1,1
1231,PG-13,7,Friday,11,110,1,1
1232,R,1,Friday,4,92,1,1
1233,PG,6,Friday,10,93,1,1
1234,PG-13,4,Friday,13,95,2,1
1235,PG-13,3,Friday,20,121,1,1
1236,PG-13,7,Wednesday,11,138,1,1
1237,R,11,Friday,30,84,1,0
1238,R,8,Wednesday,22,100,2,1
1239,PG,7,Wednesday,3,73,1,1
1240,PG-13,5,Thursday,20,112,1,0
1241,PG-13,5,Friday,23,101,1,1
1242,PG-13,12,Friday,2,93,1,0
1243,PG,7,Friday,8,102,1,1
1244,PG,10,Friday,13,93,1,0
1245,R,3,Friday,1,138,1,1
1246,PG-13,12,Wednesday,25,113,1,1
1247,R,9,Friday,11,101,1,1
1248,R,2,Friday,13,118,1,1
1249,R,3,Friday,16,93,1,0
1250,R,2,Friday,23,101,1,1
1251,R,11,Wednesday,2,129,1,0
1252,R,10,Friday,22,105,1,0
1253,R,8,Friday,19,106,1,1
1254,R,5,Friday,25,113,1,1
1255,PG,10,Friday,10,130,1,0
1256,PG-13,6,Friday,30,109,1,1
1257,R,10,Friday,18,128,1,0
1258,R,2,Friday,17,113,1,0
1259,PG-13,5,Thursday,22,122,1,1
1260,PG-13,3,Friday,14,110,1,1
1261,R,9,Friday,30,96,1,1
1262,R,9,Friday,15,121,1,0
1263,PG-13,5,Friday,4,143,1,1
1264,PG,4,Friday,4,96,2,1
1265,R,12,Friday,9,114,1,0
1266,PG,12,Friday,19,98,1,1
1267,PG-13,11,Wednesday,26,123,1,1
1268,PG-13,8,Friday,16,106,1,0
1269,R,2,Friday,1,92,1,0
1270,PG,1,Friday,23,106,1,0
1271,PG-13,9,Friday,28,101,1,0
1272,PG-13,1,Friday,9,125,1,1
1273,R,12,Friday,21,93,1,1
1274,R,10,Friday,28,120,1,0
1275,PG-13,7,Friday,15,130,1,1
1276,PG,3,Friday,12,100,1,1
1277,R,3,Friday,9,117,1,1
1278,PG-13,8,Friday,27,97,1,1
1279,R,10,Friday,26,117,1,1
1280,PG-13,6,Wednesday,23,109,1,1
1281,PG-13,3,Friday,3,108,1,0
1282,R,3,Friday,31,113,1,1
1283,PG-13,11,Friday,3,98,1,1
1284,R,10,Friday,21,83,2,1
1285,R,2,Friday,18,120,1,1
1286,PG-13,1,Friday,26,86,2,1
1287,G,2,Friday,15,72,2,1
1288,R,10,Friday,24,104,1,0
1289,R,1,Friday,5,109,1,0
1290,R,12,Thursday,8,119,1,0
1291,R,8,Friday,18,105,1,1
1292,PG,10,Friday,24,109,1,1
1293,G,12,Friday,16,87,1,1
1294,R,3,Friday,19,111,1,0
1295,R,3,Friday,24,129,1,1
1296,PG-13,5,Friday,17,101,2,1
1297,PG,3,Friday,30,106,1,1
1298,PG-13,4,Friday,26,103,1,0
1299,R,1,Friday,23,102,1,0
1300,R,4,Friday,28,88,1,0
1301,R,3,Friday,1,98,1,0
1302,R,1,Friday,23,106,1,0
1303,PG,12,Friday,19,118,1,1
1304,PG-13,2,Friday,8,112,1,1
1305,PG-13,6,Friday,4,100,1,1
1306,PG,1,Friday,30,97,1,1
1307,PG-13,8,Friday,16,128,1,1
1308,R,2,Friday,8,106,1,1
1309,PG-13,11,Friday,2,106,1,0
1310,R,5,Thursday,2,106,1,0
1311,PG-13,1,Friday,20,125,1,0
1312,R,10,Friday,6,102,1,0
1313,R,12,Tuesday,25,94,2,1
1314,R,11,Friday,22,85,1,1
1315,R,9,Friday,10,97,1,1
1316,PG,3,Friday,6,122,1,1
1317,R,10,Friday,18,115,1,1
1318,G,6,Friday,29,111,2,1
1319,PG-13,10,Friday,2,100,2,1
1320,R,9,Friday,13,95,1,1
1321,R,5,Friday,8,101,2,1
1322,G,12,Friday,21,82,1,1
1323,PG-13,5,Friday,18,131,1,1
1324,PG-13,7,Friday,11,120,1,1
1325,PG-13,12,Wednesday,18,119,1,1
1326,PG-13,1,Friday,30,93,1,1
1327,R,12,Friday,7,135,1,0
1328,R,4,Friday,28,104,1,1
1329,PG-13,3,Friday,14,132,1,1
1330,PG-13,6,Friday,29,146,1,1
1331,PG,11,Friday,9,116,1,0
1332,PG,5,Wednesday,19,93,3,1
1333,PG-13,12,Thursday,25,106,1,1
1334,R,8,Friday,23,94,1,0
1335,PG-13,8,Friday,27,87,1,1
1336,R,12,Friday,7,145,1,0
1337,R,2,Friday,24,98,1,0
1338,R,5,Friday,30,114,1,1
1339,PG,8,Friday,21,89,1,0
1340,PG-13,4,Friday,24,117,1,0
1341,PG-13,5,Friday,12,103,1,1
1342,PG-13,10,Friday,3,90,1,1
1343,PG-13,11,Wednesday,26,104,1,1
1344,NOT RATED,11,Thursday,8,115,3,0
1345,R,6,Friday,15,116,1,0
1346,R,10,Wednesday,15,138,1,1
1347,R,10,Friday,17,98,1,0
1348,R,7,Friday,7,88,1,1
1349,PG-13,1,Friday,28,114,1,1
1350,PG,6,Friday,20,81,1,0
1351,R,4,Friday,12,100,1,1
1352,PG,7,Friday,29,100,1,1
1353,PG,1,Friday,8,100,1,1
1354,R,1,Friday,28,93,1,1
1355,PG-13,5,Thursday,19,91,1,0
1356,PG-13,5,Friday,12,98,1,1
1357,R,5,Thursday,1,99,1,0
1358,PG,12,Wednesday,25,114,1,1
1359,R,7,Friday,30,138,1,0
1360,PG-13,2,Friday,7,116,1,1
1361,R,6,Friday,15,85,1,1
1362,R,7,Friday,5,115,1,0
1363,R,10,Friday,14,97,1,0
1364,PG-13,11,Friday,14,106,1,1
1365,R,2,Friday,8,111,1,1
1366,G,11,Friday,4,81,1,1
1367,R,11,Friday,2,138,1,1
1368,R,7,Friday,4,103,3,1
1369,PG-13,11,Wednesday,26,165,1,0
1370,R,11,Friday,5,107,1,0
1371,R,9,Wednesday,2,104,1,1
1372,PG-13,6,Friday,18,92,1,1
1373,PG,11,Friday,16,152,1,1
1374,PG,7,Friday,16,95,1,1
1375,R,11,Friday,11,107,1,0
1376,R,11,Wednesday,21,126,1,1
1377,R,3,Friday,9,86,2,1
1378,PG-13,9,Friday,30,110,1,0
1379,PG-13,2,Friday,2,90,2,0
1380,R,8,Friday,17,103,1,1
1381,R,1,Friday,27,96,1,1
1382,R,3,Thursday,29,101,1,0
1383,PG,8,Friday,11,83,1,0
1384,PG-13,11,Wednesday,23,135,1,0
1385,R,1,Friday,16,133,1,1
1386,PG-13,6,Friday,22,104,1,1
1387,PG,4,Friday,1,95,1,1
1388,R,1,Friday,6,95,1,0
1389,R,8,Friday,26,90,1,1
1390,R,1,Friday,4,110,1,1
1391,PG-13,11,Friday,18,157,1,1
1392,G,3,Friday,14,86,2,1
1393,PG-13,7,Friday,14,104,1,1
1394,PG-13,8,Friday,15,96,1,1
1395,PG,6,Friday,21,85,2,1
1396,PG-13,12,Friday,12,150,1,1
1397,PG,10,Friday,16,101,1,1
1398,R,4,Friday,11,109,1,1
1399,PG-13,10,Friday,13,92,1,1
1400,PG,7,Friday,13,88,2,1
1401,PG-13,1,Friday,18,100,1,1
1402,R,8,Wednesday,29,116,1,1
1403,R,3,Friday,26,96,1,0
1404,R,4,Friday,13,99,1,0
1405,R,3,Friday,7,121,1,1
1406,PG,3,Friday,22,98,2,1
1407,PG-13,3,Friday,8,96,1,1
1408,PG-13,10,Friday,12,114,1,1
1409,R,6,Friday,22,101,1,0
1410,R,3,Friday,30,120,1,1
1411,PG-13,5,Friday,27,77,1,1
1412,PG,1,Friday,14,102,1,1
1413,R,1,Wednesday,13,84,1,0
1414,R,6,Friday,22,105,1,1
1415,R,10,Friday,10,111,1,1
1416,PG-13,5,Friday,3,114,1,0
1417,PG-13,7,Friday,25,104,1,1
1418,R,1,Friday,25,158,1,1
1419,PG,5,Friday,9,98,2,1
1420,PG,3,Friday,19,94,1,1
1421,PG-13,3,Friday,11,116,1,1
1422,PG-13,8,Friday,15,97,1,1
1423,R,8,Friday,2,99,1,0
1424,R,9,Friday,26,132,1,1
1425,PG-13,2,Friday,20,101,1,1
1426,R,5,Friday,23,120,1,0
1427,PG-13,7,Wednesday,3,88,1,1
1428,PG-13,7,Friday,29,121,1,0
1429,PG-13,3,Friday,3,102,1,1
1430,PG-13,4,Friday,21,116,1,1
1431,R,7,Friday,13,96,1,0
1432,R,3,Friday,27,100,1,1
1433,PG,3,Friday,8,130,1,1
1434,R,4,Friday,5,92,1,1
1435,R,4,Friday,5,97,1,1
1436,PG-13,5,Friday,20,136,1,1
1437,R,8,Friday,3,116,1,0
1438,R,8,Friday,31,95,1,0
1439,PG-13,1,Friday,10,99,1,0
1440,PG-13,7,Friday,27,87,1,1
1441,R,10,Thursday,25,114,1,0
1442,PG-13,5,Friday,12,118,1,0
1443,R,8,Friday,12,92,1,1
1444,PG-13,2,Friday,3,84,1,1
1445,PG-13,8,Friday,13,112,1,0
1446,PG-13,10,Friday,26,86,1,0
1447,NOT RATED,11,Friday,4,97,1,1
1448,PG-13,4,Friday,12,128,1,1
1449,PG-13,12,Friday,12,104,1,1
1450,R,5,Friday,10,124,1,1
1451,R,3,Friday,28,99,1,1
1452,PG-13,2,Friday,14,104,1,1
1453,PG,3,Friday,21,107,1,1
1454,PG-13,4,Friday,7,107,1,0
1455,PG,11,Wednesday,21,114,1,1
1456,PG,3,Friday,2,86,2,1
1457,PG-13,10,Friday,11,134,1,1
1458,PG-13,1,Friday,13,125,1,0
1459,PG-13,3,Friday,28,75,1,0
1460,PG,11,Friday,3,85,2,0
1461,PG-13,6,Friday,2,106,1,1
1462,PG,11,Friday,20,91,3,1
1463,R,10,Friday,26,95,1,1
1464,PG-13,12,Friday,13,116,1,1
1465,PG-13,12,Friday,17,131,1,0
1466,R,7,Wednesday,29,108,1,0
1467,PG-13,7,Friday,12,101,1,0
1468,PG-13,12,Sunday,25,97,1,1
1469,R,1,Friday,19,84,1,1
1470,R,3,Friday,28,89,1,0
1471,PG-13,6,Friday,26,109,1,1
1472,R,8,Friday,24,104,1,1
1473,G,6,Friday,24,106,2,1
1474,PG-13,10,Friday,20,93,1,1
1475,PG-13,1,Friday,10,120,1,1
1476,R,11,Friday,1,95,1,0
1477,R,8,Friday,20,102,1,1
1478,PG,11,Friday,19,131,1,1
1479,R,12,Friday,5,103,1,0
1480,R,3,Friday,4,97,1,0
1481,R,10,Friday,4,124,1,1
1482,R,9,Friday,3,105,2,1
1483,PG-13,7,Friday,20,164,1,1
1484,R,9,Friday,25,108,1,0
1485,R,3,Friday,30,109,1,1
1486,PG-13,4,Friday,2,122,1,1
1487,PG-13,5,Friday,24,115,1,1
1488,PG-13,2,Friday,27,86,1,1
1489,PG,6,Friday,10,91,1,0
1490,PG-13,7,Friday,19,138,1,0
1491,R,8,Friday,15,97,1,1
1492,PG-13,11,Friday,10,85,1,0
1493,PG-13,12,Thursday,25,103,1,0
1494,R,10,Friday,31,100,1,1
1495,R,9,Friday,8,111,1,1
1496,PG-13,12,Friday,3,108,1,1
1497,R,6,Wednesday,27,130,1,1
1498,R,1,Friday,28,94,1,1
1499,R,2,Friday,14,100,1,1
1500,R,4,Friday,25,107,1,0
1501,G,8,Friday,3,111,1,1
1502,G,8,Friday,29,89,3,0
1503,R,2,Friday,13,97,1,1
1504,R,3,Friday,16,101,1,1
1505,PG-13,3,Friday,4,118,1,1
1506,PG-13,3,Friday,19,128,1,1
1507,NC-17,1,Friday,13,101,1,1
1508,PG-13,11,Friday,19,133,1,1
1509,PG-13,4,Friday,24,108,1,1
1510,PG,12,Friday,21,124,1,1
1511,R,10,Friday,31,141,1,1
1512,PG-13,3,Friday,25,110,1,1
1513,PG-13,6,Friday,11,119,1,1
1514,PG-13,2,Friday,22,90,1,1
1515,R,10,Friday,15,98,1,1
1516,G,12,Friday,19,93,2,0
1517,PG-13,3,Friday,28,100,1,1
1518,R,10,Friday,19,88,2,1
1519,PG-13,11,Friday,10,117,1,1
1520,PG-13,10,Friday,10,92,1,1
1521,PG-13,7,Friday,1,98,1,1
1522,R,9,Friday,6,119,1,1
1523,PG-13,1,Friday,31,110,1,0
1524,PG-13,8,Wednesday,6,119,1,1
1525,PG,7,Friday,25,84,1,1
1526,PG,5,Friday,9,135,2,0
1527,PG-13,3,Friday,28,138,1,1
1528,PG-13,4,Friday,29,107,1,0
1529,PG,7,Wednesday,31,105,1,1
1530,PG,6,Friday,30,92,1,0
1531,R,10,Friday,1,109,1,1
1532,PG-13,11,Friday,22,105,1,1
1533,PG,4,Friday,7,115,1,1
1534,R,3,Friday,3,103,1,1
1535,PG-13,12,Friday,7,116,1,1
1536,PG-13,12,Friday,8,124,1,1
1537,PG-13,11,Wednesday,27,98,1,1
1538,PG-13,3,Friday,28,108,1,0
1539,R,11,Wednesday,10,82,1,0
1540,PG-13,4,Friday,22,128,1,1
1541,R,10,Friday,5,97,1,1
1542,PG-13,9,Friday,1,95,1,1
1543,PG-13,11,Friday,20,130,1,1
1544,PG-13,9,Friday,28,90,1,1
1545,R,2,Friday,22,95,1,1
1546,R,10,Friday,11,89,1,0
1547,R,3,Friday,30,95,1,1
1548,PG-13,5,Friday,25,183,1,1
1549,R,10,Friday,16,109,1,1
1550,PG-13,8,Friday,13,105,1,1
1551,PG-13,2,Friday,7,118,1,1
1552,PG,6,Friday,22,96,1,0
1553,PG,10,Friday,17,95,1,1
1554,R,8,Wednesday,13,104,1,1
1555,PG-13,6,Friday,15,123,1,0
1556,PG-13,10,Friday,17,127,1,1
1557,R,11,Friday,20,110,1,1
1558,PG-13,10,Friday,4,117,1,0
1559,PG-13,11,Friday,20,129,1,1
1560,PG,4,Friday,27,88,2,1
1561,R,1,Friday,7,98,2,0
1562,UNRATED,4,Friday,27,101,1,1
1563,PG-13,4,Friday,25,90,1,1
1564,R,4,Wednesday,3,112,1,0
1565,PG-13,1,Friday,30,106,1,1
1566,PG,11,Friday,11,91,1,1
1567,PG-13,6,Friday,10,94,1,1
1568,PG-13,5,Friday,31,86,1,1
1569,R,3,Thursday,20,77,1,0
1570,PG,7,Friday,11,93,1,1
1571,PG-13,1,Friday,24,92,1,1
1572,R,8,Friday,24,98,1,0
1573,PG-13,7,Friday,22,136,1,1
1574,PG-13,12,Thursday,25,114,1,1
1575,PG-13,4,Friday,22,120,1,1
1576,PG-13,12,Friday,18,114,1,0
1577,R,1,Friday,19,123,1,1
1578,G,12,Friday,15,78,1,1
1579,PG,8,Wednesday,6,97,1,1
1580,PG,7,Friday,29,103,1,1
1581,G,11,Friday,2,92,3,1
1582,R,9,Friday,28,119,1,1
1583,PG-13,11,Friday,6,115,1,1
1584,PG-13,8,Friday,15,98,1,0
1585,R,3,Friday,28,98,1,0
1586,R,10,Friday,6,95,1,0
1587,R,1,Friday,28,95,1,0
1588,R,8,Friday,28,82,1,1
1589,PG,10,Friday,8,103,1,0
1590,PG-13,5,Thursday,16,132,1,1
1591,PG,11,Friday,2,91,2,1
1592,G,4,Wednesday,22,90,2,1
1593,R,6,Friday,14,134,1,0
1594,R,3,Friday,6,91,1,0
1595,R,3,Friday,31,114,1,0
1596,R,8,Friday,16,103,1,1
1597,PG-13,7,Friday,9,94,1,1
1598,PG-13,10,Friday,25,92,1,0
1599,R,9,Friday,26,85,1,1
1600,R,9,Friday,16,122,1,0
1601,R,9,Friday,5,99,2,0
1602,R,4,Friday,3,107,1,1
1603,R,7,Friday,16,100,1,1
1604,PG-13,4,Friday,2,86,1,1
1605,R,10,Friday,21,105,1,0
1606,PG-13,8,Wednesday,21,130,1,1
1607,R,3,Friday,18,104,1,1
1608,PG-13,4,Friday,15,122,1,0
1609,G,6,Friday,9,117,2,1
1610,PG-13,5,Friday,30,113,1,0
1611,PG,12,Thursday,25,99,1,1
1612,PG-13,8,Friday,17,99,2,0
1613,PG-13,7,Friday,30,99,1,1
1614,PG,4,Friday,2,76,2,0
1615,G,6,Friday,21,104,1,1
1616,R,10,Friday,3,110,1,0
1617,PG-13,1,Friday,9,88,1,1
1618,R,7,Friday,11,126,1,1
1619,PG-13,6,Friday,29,94,1,1
1620,R,10,Friday,6,151,1,1
1621,R,5,Friday,21,90,1,0
1622,PG,10,Friday,8,123,1,1
1623,R,1,Friday,18,144,1,1
1624,PG-13,8,Friday,17,116,1,1
1625,R,6,Friday,7,85,1,1
1626,PG,2,Friday,16,96,1,1
1627,R,10,Friday,12,117,1,1
1628,PG-13,11,Thursday,7,106,1,0
1629,PG-13,1,Friday,20,100,1,1
1630,PG-13,11,Wednesday,28,95,1,1
1631,PG,2,Friday,6,91,1,0
1632,PG-13,9,Friday,19,123,1,1
1633,R,4,Friday,4,111,1,0
1634,R,2,Friday,27,105,2,1
1635,R,10,Friday,4,98,1,0
1636,PG,3,Friday,3,101,1,0
1637,R,8,Friday,12,83,1,1
1638,PG-13,11,Friday,3,126,1,0
1639,PG-13,11,Wednesday,22,86,1,0
1640,NOT RATED,5,Wednesday,20,108,1,0
1641,PG-13,4,Friday,30,102,1,1
1642,G,11,Wednesday,10,100,1,1
1643,R,11,Friday,6,106,2,1
1644,R,7,Thursday,1,107,1,0
1645,R,12,Friday,14,136,1,1
1646,G,5,Friday,24,83,2,1
1647,R,3,Friday,2,123,1,1
1648,PG-13,9,Wednesday,9,79,1,1
1649,R,2,Friday,24,103,1,0
1650,PG-13,11,Wednesday,21,89,2,0
1651,PG,7,Friday,21,91,1,1
1652,PG,7,Thursday,5,93,2,1
1653,PG-13,9,Friday,30,84,1,0
1654,R,11,Friday,10,143,1,1
1655,PG-13,9,Friday,23,98,1,1
1656,PG-13,11,Friday,17,144,1,1
1657,PG-13,1,Friday,20,135,1,1
1658,PG-13,2,Friday,21,219,1,0
1659,R,3,Friday,16,131,1,1
1660,PG-13,12,Friday,8,107,1,0
1661,R,4,Friday,18,111,1,1
1662,R,2,Friday,21,118,1,0
1663,R,11,Friday,22,123,1,1
1664,R,4,Friday,23,178,1,1
1665,PG-13,5,Friday,13,101,1,1
1666,R,10,Wednesday,24,96,1,0
1667,R,9,Friday,30,100,1,1
1668,R,11,Friday,14,81,1,1
1669,PG,8,Friday,22,115,1,1
1670,R,12,Thursday,25,111,1,1
1671,R,3,Friday,2,157,1,1
1672,R,10,Friday,11,107,1,1
1673,PG-13,8,Friday,31,92,1,1
1674,PG,2,Friday,10,94,1,1
1675,PG,5,Friday,16,150,1,1
1676,PG-13,10,Friday,20,123,1,1
1677,R,5,Friday,14,103,1,1
1678,PG-13,6,Friday,7,116,1,0
1679,R,3,Friday,23,124,1,1
1680,PG-13,4,Friday,27,102,1,0
1681,PG-13,11,Friday,13,158,1,1
1682,PG,2,Friday,23,104,1,0
1683,R,11,Friday,10,113,1,0
1684,R,7,Friday,6,131,1,1
1685,PG-13,11,Wednesday,26,88,1,1
1686,NOT RATED,5,Thursday,15,108,1,1
1687,R,1,Friday,9,126,1,1
1688,PG-13,1,Friday,12,136,1,1
1689,R,10,Friday,17,109,1,0
1690,PG-13,2,Friday,10,104,1,1
1691,R,2,Friday,28,101,1,1
1692,PG-13,1,Friday,5,84,1,0
1693,PG-13,6,Friday,26,110,1,0
1694,R,7,Friday,19,112,1,1
1695,R,10,Friday,12,110,1,1
1696,PG-13,8,Friday,5,104,1,1
1697,R,7,Friday,25,106,1,0
1698,PG-13,5,Friday,28,119,1,0
1699,PG,7,Friday,18,87,1,1
1700,R,1,Friday,20,93,1,1
1701,R,5,Friday,17,103,1,0
1702,PG-13,6,Friday,7,119,1,0
1703,PG-13,6,Friday,14,143,1,1
1704,PG-13,10,Friday,7,100,1,0
1705,R,8,Friday,18,101,2,1
1706,PG-13,7,Friday,25,117,1,1
1707,R,1,Saturday,27,114,1,1
1708,R,1,Friday,10,135,1,0
1709,PG-13,4,Friday,28,118,1,1
1710,R,4,Friday,13,115,1,0
1711,R,9,Friday,14,107,1,1
1712,UNRATED,9,Thursday,27,122,1,1
1713,R,4,Friday,8,112,1,0
1714,PG,11,Friday,6,96,1,1
1715,PG-13,10,Friday,1,87,2,1
1716,R,10,Friday,19,147,1,1
1717,R,4,Friday,23,146,1,1
1718,G,3,Friday,18,98,1,1
1719,R,3,Wednesday,27,101,1,1
1720,PG-13,8,Friday,30,90,1,0
1721,PG,9,Friday,29,83,3,1
1722,R,4,Friday,27,124,1,1
1723,R,8,Friday,2,109,1,1
1724,NOT RATED,9,Friday,8,112,1,0
1725,PG-13,12,Friday,20,125,1,1
1726,G,2,Friday,11,84,1,1
1727,PG-13,12,Thursday,25,104,1,1
1728,R,8,Wednesday,31,129,1,1
1729,PG-13,2,Friday,18,113,1,1
1730,R,1,Friday,16,134,1,0
1731,R,9,Friday,26,92,1,1
1732,PG-13,6,Friday,10,120,1,1
1733,PG-13,9,Friday,22,140,1,0
1734,R,10,Friday,5,116,2,1
1735,PG,11,Wednesday,26,88,1,1
1736,PG-13,8,Friday,25,98,1,1
1737,PG-13,6,Friday,18,98,1,0
1738,PG-13,7,Friday,28,96,1,1
1739,PG-13,2,Friday,14,118,1,0
1740,PG-13,7,Friday,18,108,1,1
1741,R,11,Friday,15,123,1,1
1742,R,5,Thursday,26,135,1,0
1743,PG-13,4,Friday,18,119,1,1
1744,R,11,Friday,3,84,1,1
1745,PG,8,Wednesday,7,100,1,1
1746,R,8,Friday,27,84,2,1
1747,PG-13,8,Friday,6,107,1,1
1748,PG-13,1,Friday,14,97,1,1
1749,PG,5,Friday,19,82,2,1
1750,R,10,Friday,3,99,1,1
1751,PG,2,Friday,7,100,2,1
1752,R,12,Friday,20,138,1,1
1753,R,10,Friday,18,100,1,1
1754,R,4,Friday,11,104,1,1
1755,R,8,Friday,9,110,1,0
1756,R,1,Friday,20,106,1,1
1757,R,5,Friday,30,84,1,1
1758,R,5,Wednesday,16,83,1,1
1759,PG-13,11,Wednesday,22,106,1,1
1760,PG-13,11,Thursday,19,102,1,0
1761,R,5,Friday,27,90,1,0
1762,PG-13,7,Wednesday,7,126,1,1
1763,PG-13,1,Friday,27,108,1,0
1764,PG-13,4,Friday,30,104,1,1
1765,R,12,Friday,14,89,1,1
1766,PG,11,Wednesday,23,126,1,1
1767,R,10,Friday,29,90,1,1
1768,R,12,Friday,15,102,1,1
1769,PG,12,Friday,21,152,1,0
1770,R,1,Friday,19,111,1,1
1771,NOT RATED,11,Friday,11,129,1,0
1772,PG-13,3,Friday,29,125,1,1
1773,PG,11,Friday,11,101,1,0
1774,R,1,Friday,23,119,1,1
1775,PG-13,4,Friday,14,83,1,1
1776,PG-13,5,Friday,2,142,1,1
1777,R,5,Friday,23,116,1,1
1778,PG,2,Friday,6,135,1,1
1779,PG,12,Friday,10,113,1,1
1780,PG,5,Friday,14,97,1,0
1781,PG-13,7,Friday,29,118,2,1
1782,PG-13,8,Friday,1,112,1,1
1783,R,7,Wednesday,8,77,1,0
1784,R,11,Friday,1,105,1,0
1785,R,7,Friday,6,112,1,1
1786,PG-13,5,Friday,3,121,1,1
1787,PG,11,Wednesday,21,107,1,1
1788,PG-13,9,Friday,8,97,1,1
1789,G,7,Friday,15,63,2,0
1790,R,3,Friday,5,99,1,0
1791,R,10,Friday,23,90,1,1
1792,R,1,Friday,30,128,1,1
1793,R,4,Friday,14,102,1,1
1794,PG,8,Friday,10,95,2,0
1795,R,1,Friday,30,109,1,1
1796,PG-13,2,Friday,22,112,1,1
1797,PG,6,Friday,16,92,1,1
1798,PG-13,12,Wednesday,18,179,1,1
1799,R,9,Friday,3,102,1,1
1800,PG-13,7,Friday,27,120,1,0
1801,R,2,Friday,19,138,1,1
1802,PG,7,Friday,30,95,1,0
1803,R,2,Friday,14,114,1,1
1804,PG-13,7,Tuesday,3,136,1,1
1805,R,3,Friday,11,85,2,1
1806,PG-13,9,Friday,14,106,1,1
1807,PG,10,Friday,28,129,1,1
1808,G,7,Friday,22,80,1,1
1809,PG-13,11,Friday,21,107,1,0
1810,PG-13,1,Friday,2,98,1,1
1811,R,1,Friday,19,105,1,0
1812,PG,12,Wednesday,21,107,1,1
1813,PG,10,Friday,3,91,1,1
1814,R,5,Friday,11,83,1,1
1815,R,8,Friday,29,100,1,0
1816,R,3,Friday,18,118,1,1
1817,R,6,Friday,8,124,1,1
1818,PG-13,10,Wednesday,6,97,1,1
1819,PG-13,2,Friday,6,129,1,1
1820,PG-13,12,Friday,25,128,1,1
1821,R,9,Friday,25,105,1,0
1822,PG-13,7,Wednesday,2,92,1,1
1823,PG,3,Friday,7,92,1,1
1824,PG-13,10,Friday,29,152,1,1
1825,G,11,Wednesday,22,100,1,1
1826,R,11,Friday,6,94,1,1
1827,R,10,Friday,24,130,1,1
1828,PG-13,12,Friday,7,113,1,1
1829,PG,11,Wednesday,21,127,1,1
1830,PG,7,Wednesday,14,109,1,1
1831,PG-13,5,Thursday,21,115,1,1
1832,R,8,Friday,31,95,1,1
1833,R,5,Friday,9,97,1,1
1834,R,8,Friday,5,112,1,1
1835,PG,8,Friday,19,89,1,1
1836,R,12,Friday,6,107,1,0
1837,R,10,Friday,10,111,1,0
1838,R,5,Friday,13,125,1,1
1839,R,4,Friday,13,95,1,1
1840,R,7,Friday,9,107,1,1
1841,R,3,Friday,31,94,1,1
1842,PG-13,9,Friday,14,90,1,0
1843,R,5,Thursday,15,138,2,1
1844,R,1,Friday,23,113,2,1
1845,R,5,Friday,6,144,1,1
1846,PG,8,Friday,15,98,1,1
1847,R,11,Friday,9,92,1,1
1848,R,6,Friday,26,98,1,0
1849,R,8,Friday,20,79,1,1
1850,NOT RATED,5,Thursday,12,86,1,0
1851,R,6,Friday,1,145,1,0
1852,R,8,Wednesday,20,124,1,0
1853,PG-13,12,Friday,15,117,1,1
1854,R,9,Wednesday,1,105,1,1
1855,PG,11,Wednesday,27,93,1,0
1856,PG-13,1,Friday,20,129,1,1
1857,R,6,Friday,29,90,1,1
1858,R,1,Friday,29,117,1,0
1859,PG-13,6,Friday,18,81,1,0
1860,PG-13,6,Friday,2,99,1,1
1861,R,12,Friday,21,134,1,1
1862,PG-13,12,Friday,8,138,1,1
1863,PG,2,Friday,6,103,1,0
1864,PG-13,3,Friday,3,96,1,0
1865,R,3,Friday,4,103,1,0
1866,PG-13,8,Friday,4,100,1,1
1867,R,12,Friday,5,89,1,1
1868,R,9,Friday,21,100,1,1
1869,R,5,Friday,2,96,1,0
1870,PG,8,Wednesday,7,106,1,1
1871,PG-13,9,Friday,2,86,1,1
1872,PG,9,Friday,19,87,1,1
1873,PG-13,3,Friday,28,123,1,1
1874,R,5,Friday,6,112,1,1
1875,PG-13,2,Friday,5,100,1,1
1876,R,4,Friday,16,137,1,1
1877,PG-13,9,Friday,18,109,1,1
1878,R,4,Friday,12,96,1,0
1879,PG-13,2,Thursday,14,115,1,1
1880,PG-13,12,Wednesday,17,144,1,1
1881,PG-13,5,Friday,26,110,1,1
1882,R,6,Friday,13,91,1,1
1883,PG,11,Wednesday,21,97,1,1
1884,PG,5,Friday,9,88,2,0
1885,PG-13,7,Friday,27,99,1,1
1886,PG-13,8,Friday,8,101,1,1
1887,PG,6,Friday,30,96,1,1
1888,PG-13,2,Friday,6,102,1,1
1889,R,11,Thursday,27,103,1,0
1890,R,1,Wednesday,19,109,1,1
1891,PG-13,4,Friday,29,131,1,1
1892,R,11,Wednesday,2,112,2,1
1893,PG-13,9,Friday,3,85,6,0
1894,G,10,Friday,7,85,2,1
1895,UNRATED,10,Friday,20,101,1,1
1896,PG-13,4,Friday,21,108,1,1
1897,PG-13,1,Friday,31,111,1,1
1898,PG-13,10,Friday,22,91,1,1
1899,R,6,Friday,4,109,1,1
1900,PG-13,9,Friday,19,113,1,1
1901,PG,11,Wednesday,25,88,1,1
1902,R,9,Friday,29,105,1,1
1903,R,4,Friday,11,89,1,1
1904,UNRATED,6,Wednesday,15,125,1,1
1905,PG,11,Wednesday,27,102,2,1
1906,PG-13,4,Friday,3,107,1,1
1907,PG-13,7,Friday,28,106,1,1
1908,PG-13,9,Wednesday,19,89,1,1
1909,PG-13,12,Saturday,25,170,1,0
1910,R,4,Friday,9,108,1,1
1911,PG,7,Friday,9,95,2,1
1912,PG-13,10,Friday,13,102,1,1
1913,PG-13,8,Friday,17,112,1,1
1914,R,8,Friday,19,113,1,0
1915,R,8,Friday,2,113,1,1
1916,R,12,Friday,9,115,1,1
1917,PG-13,10,Friday,19,132,1,0
1918,R,7,Friday,24,123,1,1
1919,PG-13,7,Friday,29,98,1,1
1920,PG-13,1,Friday,12,109,1,1
1921,PG-13,1,Friday,14,119,1,1
1922,PG,12,Friday,20,87,2,1
1923,PG-13,2,Friday,20,90,1,0
1924,R,6,Wednesday,28,165,1,1
1925,PG-13,7,Friday,14,110,2,1
1926,PG-13,5,Friday,11,113,1,1
1927,PG,1,Friday,9,89,1,1
1928,R,1,Friday,9,97,2,0
1929,R,1,Wednesday,8,106,1,1
1930,PG-13,8,Friday,8,89,1,1
1931,PG-13,3,Friday,21,139,1,1
1932,R,5,Friday,7,105,1,0
1933,PG-13,2,Thursday,14,88,1,1
1934,PG,12,Friday,17,108,1,1
1935,R,10,Wednesday,17,107,1,0
1936,PG-13,8,Friday,1,112,1,1
1937,PG,7,Friday,15,115,1,1
1938,PG,11,Friday,5,95,1,1
1939,PG,7,Friday,18,83,1,1
1940,PG,3,Friday,15,81,2,1
1941,PG,3,Friday,5,108,1,1
1942,PG-13,9,Friday,23,106,1,1
1943,PG-13,8,Friday,1,120,1,0
1944,PG-13,2,Friday,9,90,1,0
1945,R,1,Friday,21,108,1,1
1946,PG-13,8,Friday,23,99,1,0
1947,PG-13,4,Friday,20,122,1,1
1948,R,8,Friday,13,103,1,1
1949,R,10,Friday,3,121,1,0
1950,PG-13,3,Wednesday,30,105,1,1
1951,R,6,Friday,8,99,1,1
1952,PG-13,4,Friday,17,127,1,1
1953,PG-13,9,Friday,1,110,1,1
1954,PG-13,4,Friday,25,99,1,1
1955,R,4,Friday,15,111,1,1
1956,R,7,Friday,18,147,1,1
1957,R,10,Thursday,9,112,1,0
1958,PG,2,Friday,6,100,1,1
1959,PG-13,6,Friday,15,100,1,1
1960,R,4,Friday,25,90,1,1
1961,R,6,Friday,29,110,1,1
1962,R,1,Friday,6,94,1,1
1963,PG-13,10,Wednesday,29,101,1,0
1964,R,12,Friday,9,128,1,1
1965,R,10,Friday,17,98,1,1
1966,PG-13,12,Friday,13,105,1,1
1967,PG,3,Friday,25,99,1,1
1968,PG-13,8,Friday,15,126,1,1
1969,R,1,Friday,20,119,1,1
1970,PG-13,2,Friday,9,102,1,1
1971,PG-13,6,Friday,6,113,1,1
1972,PG-13,12,Friday,25,118,1,0
1973,R,7,Wednesday,31,113,1,0
1974,PG-13,6,Friday,28,116,1,0
1975,PG,6,Friday,4,87,1,1
1976,PG-13,6,Friday,27,165,1,1
1977,PG,9,Friday,17,90,2,1
1978,PG-13,8,Friday,8,117,1,1
1979,R,4,Friday,28,111,1,1
1980,PG-13,3,Friday,3,88,1,1
1981,R,12,Friday,5,89,1,1
1982,R,6,Friday,16,85,1,0
1983,R,6,Friday,13,107,1,0
1984,PG-13,9,Friday,30,119,1,0
1985,R,8,Friday,29,112,1,1
1986,PG,7,Friday,11,90,1,0
1987,PG,3,Friday,10,98,1,1
1988,R,10,Friday,29,103,1,1
1989,R,8,Friday,26,106,1,1
1990,PG-13,12,Wednesday,22,143,1,1
1991,PG-13,4,Wednesday,6,91,1,0
1992,R,3,Friday,22,117,1,1
1993,PG,12,Friday,17,80,1,1
1994,PG-13,12,Friday,10,103,1,1
1995,R,3,Friday,28,150,1,1
1996,R,7,Friday,10,97,1,1
1997,G,7,Friday,18,81,1,1
1998,PG-13,5,Friday,2,126,1,1
1999,PG,3,Friday,27,94,2,1
2000,R,9,Friday,5,111,1,0
2001,PG-13,1,Friday,25,119,1,1
2002,R,8,Wednesday,27,108,1,1
2003,PG-13,9,Friday,9,140,1,0
2004,PG-13,1,Friday,11,97,1,1
2005,PG-13,5,Friday,1,107,1,1
2006,PG-13,12,Friday,13,161,1,1
2007,PG,5,Friday,22,105,1,1
2008,R,10,Friday,2,88,1,1
2009,PG-13,1,Friday,5,123,1,1
2010,PG-13,6,Friday,6,107,1,1
2011,R,1,Friday,17,89,2,1
2012,R,9,Friday,19,114,1,1
2013,PG,12,Thursday,25,113,1,1
2014,PG-13,8,Friday,13,101,1,1
2015,R,6,Thursday,12,89,1,0
2016,PG-13,5,Friday,6,112,1,1
2017,PG-13,5,Friday,23,117,1,1
2018,R,12,Friday,3,101,1,1
2019,PG-13,11,Friday,1,114,1,1
2020,R,6,Friday,20,103,1,0
2021,PG,5,Friday,18,93,2,1
2022,PG-13,3,Friday,12,96,1,1
2023,PG-13,6,Friday,15,87,1,0
2024,R,11,Wednesday,24,112,1,1
2025,R,9,Friday,16,110,1,0
2026,R,2,Friday,24,110,2,1
2027,R,10,Friday,27,108,1,1
2028,R,10,Thursday,18,86,1,1
2029,G,6,Friday,27,98,1,1
2030,R,7,Friday,12,86,1,1
2031,PG-13,3,Friday,19,110,1,1
2032,PG,11,Friday,17,108,3,1
2033,R,9,Friday,4,92,1,1
2034,PG-13,3,Thursday,13,107,1,0
2035,R,6,Friday,17,90,1,0
2036,PG-13,4,Friday,13,105,1,1
2037,R,12,Friday,3,100,1,0
2038,R,4,Friday,5,91,1,1
2039,PG,8,Friday,3,94,1,1
2040,R,4,Friday,26,87,1,0
2041,R,3,Friday,29,112,1,1
2042,PG-13,12,Friday,4,88,1,1
2043,PG-13,5,Friday,23,132,1,1
2044,R,8,Friday,28,105,1,1
2045,PG-13,10,Wednesday,2,93,1,0
2046,R,11,Friday,7,99,1,1
2047,PG-13,8,Friday,6,107,1,1
2048,PG-13,12,Friday,20,101,1,1
2049,PG,8,Friday,8,122,1,1
2050,R,4,Thursday,26,88,1,0
2051,PG-13,11,Friday,17,106,1,1
2052,PG-13,2,Friday,16,114,1,1
2053,R,3,Friday,16,89,1,1
2054,PG-13,4,Thursday,10,106,1,0
2055,PG-13,6,Friday,25,102,1,1
2056,R,9,Friday,2,105,1,0
2057,PG-13,7,Friday,25,140,1,1
2058,R,3,Friday,9,102,2,0
2059,G,8,Friday,19,76,1,0
2060,PG-13,11,Friday,9,143,1,1
2061,R,1,Friday,16,124,1,1
2062,PG-13,10,Friday,17,129,1,1
2063,R,7,Friday,5,105,1,0
2064,R,2,Friday,22,101,1,1
2065,R,6,Friday,1,120,1,1
2066,PG-13,12,Friday,10,125,1,1
2067,R,1,Friday,10,121,1,1
2068,PG-13,7,Friday,23,100,1,1
2069,PG,9,Friday,26,96,2,1
2070,R,6,Friday,26,127,1,0
2071,NC-17,4,Thursday,21,92,2,0
2072,PG,10,Friday,5,87,1,1
2073,PG,8,Friday,10,120,1,1
2074,PG-13,7,Friday,23,108,1,1
2075,R,8,Friday,1,122,1,1
2076,R,8,Friday,15,165,1,1
2077,NOT RATED,4,Thursday,17,106,1,1
2078,PG-13,7,Friday,22,111,1,1
2079,R,10,Friday,21,99,1,0
2080,PG,6,Friday,11,140,1,1
2081,PG-13,2,Friday,22,104,1,0
2082,PG,1,Friday,15,94,1,1
2083,PG-13,1,Friday,24,113,1,1
2084,G,11,Friday,1,104,1,1
2085,PG,9,Friday,29,111,1,1
2086,R,8,Friday,17,113,1,1
2087,R,10,Friday,17,134,1,1
2088,PG-13,4,Friday,14,128,1,1
2089,PG,3,Friday,4,95,1,1
2090,R,5,Friday,13,106,1,0
2091,PG-13,12,Friday,17,113,1,0
2092,PG-13,12,Friday,11,134,1,1
2093,PG-13,10,Friday,19,101,1,0
2094,R,8,Friday,29,93,1,1
2095,PG-13,7,Friday,28,89,1,1
2096,PG,6,Wednesday,1,119,1,1
2097,R,6,Friday,19,103,1,1
2098,PG-13,2,Friday,28,106,1,1
2099,R,7,Friday,28,134,1,1
2100,R,12,Friday,19,115,1,1
2101,PG-13,5,Friday,18,110,1,1
2102,R,9,Wednesday,29,90,1,1
2103,R,4,Thursday,12,107,1,0
2104,R,11,Friday,2,157,1,1
2105,R,9,Friday,16,100,1,1
2106,PG-13,6,Friday,11,93,1,1
2107,PG,1,Friday,16,95,1,1
2108,PG-13,8,Friday,29,101,1,1
2109,PG,10,Thursday,27,105,1,0
2110,PG-13,10,Friday,9,113,1,1
2111,PG-13,10,Friday,1,120,1,1
2112,R,6,Friday,27,113,1,1
2113,R,5,Friday,28,86,1,0
2114,PG,6,Friday,8,85,2,1
2115,UNRATED,1,Wednesday,31,88,1,0
2116,R,10,Wednesday,31,102,1,0
2117,PG-13,5,Friday,4,139,1,1
2118,PG-13,11,Friday,22,133,1,1
2119,R,3,Friday,6,162,1,1
2120,PG-13,10,Friday,28,109,1,1
2121,R,4,Friday,26,129,1,1
2122,R,6,Friday,24,93,1,1
2123,R,8,Friday,30,101,1,0
2124,PG,12,Friday,17,125,1,1
2125,R,6,Friday,23,116,2,1
2126,R,2,Friday,24,121,1,0
2127,R,4,Friday,18,85,1,1
2128,PG-13,12,Sunday,25,134,1,0
2129,PG-13,7,Friday,22,124,1,1
2130,R,8,Friday,6,120,1,1
2131,PG,6,Friday,13,104,1,1
2132,PG-13,7,Friday,12,101,1,1
2133,R,1,Friday,5,147,1,1
2134,PG-13,8,Friday,8,112,1,1
2135,R,6,Friday,22,108,1,1
2136,PG-13,5,Friday,8,127,1,1
2137,PG-13,4,Wednesday,7,97,1,1
2138,PG-13,3,Friday,30,99,1,1
2139,R,4,Friday,1,124,3,1
2140,R,1,Friday,30,125,1,0
2141,PG-13,7,Friday,21,110,1,0
2142,R,4,Friday,14,110,1,1
2143,PG,4,Friday,8,106,1,1
2144,PG,4,Friday,16,118,1,0
2145,PG,11,Wednesday,24,100,2,1
2146,PG-13,10,Friday,13,115,1,1
2147,PG-13,10,Friday,17,118,1,1
2148,PG-13,7,Friday,25,94,1,0
2149,PG-13,8,Friday,28,88,1,1
2150,PG-13,8,Friday,3,115,1,1
2151,R,7,Friday,30,97,1,0
2152,G,8,Wednesday,11,113,1,1
2153,R,2,Friday,23,125,1,0
2154,PG,10,Friday,9,119,1,0
2155,PG,5,Friday,18,90,2,1
2156,R,2,Friday,13,125,1,1
2157,PG,12,Friday,22,108,1,1
2158,R,2,Friday,23,84,1,1
2159,R,8,Thursday,8,93,2,0
2160,PG-13,4,Friday,23,104,1,1
2161,PG-13,9,Friday,7,102,2,1
2162,R,1,Friday,18,93,1,0
2163,PG,11,Saturday,23,137,1,0
2164,R,7,Friday,27,97,1,0
2165,PG,5,Thursday,26,90,1,1
2166,R,4,Thursday,18,101,1,0
2167,PG-13,8,Friday,11,90,1,0
2168,PG,3,Thursday,13,97,1,0
2169,PG-13,8,Friday,1,121,1,1
2170,PG-13,2,Friday,4,121,1,1
2171,PG,7,Friday,20,117,1,1
2172,PG-13,7,Wednesday,11,106,2,0
2173,R,5,Thursday,17,120,1,1
2174,PG,7,Wednesday,15,153,1,1
2175,PG-13,11,Wednesday,25,117,1,1
2176,PG,8,Friday,9,91,1,1
2177,PG-13,10,Friday,22,91,1,0
2178,PG-13,6,Friday,19,97,1,1
2179,PG-13,5,Friday,10,143,1,1
2180,R,6,Friday,24,92,1,1
2181,R,4,Friday,16,98,1,0
2182,R,4,Friday,13,93,1,0
2183,R,3,Friday,2,116,1,0
2184,PG,11,Wednesday,26,92,2,1
2185,R,1,Friday,9,148,1,0
2186,PG-13,8,Friday,16,95,1,0
2187,PG-13,10,Friday,26,98,1,1
2188,PG-13,3,Friday,9,132,1,1
2189,R,1,Friday,11,123,1,1
2190,TV-MA,6,Friday,7,118,1,0
2191,R,10,Friday,8,107,1,0
2192,PG-13,11,Wednesday,26,116,1,0
2193,PG-13,9,Friday,24,133,1,1
2194,PG-13,12,Tuesday,25,158,1,1
2195,PG-13,10,Friday,2,111,1,1
2196,R,6,Friday,23,112,1,0
2197,PG-13,10,Friday,8,101,2,0
2198,R,9,Friday,19,101,1,1
2199,R,4,Friday,7,128,1,1
2200,PG-13,4,Friday,23,98,1,1
2201,R,8,Friday,22,105,1,1
2202,R,9,Friday,12,102,1,1
2203,PG-13,10,Friday,12,102,1,1
2204,PG-13,1,Friday,26,81,1,1
2205,PG-13,3,Friday,9,91,1,0
